collo_id,peso_kg,lunghezza_cm,larghezza_cm,altezza_cm
PKG0001,4.25,41.0,20.5,20.5
PKG0002,4.49,30.6,34.7,28.5
PKG0003,0.17,27.8,11.3,11.3
PKG0004,0.35,10.6,13.3,12.6
PKG0005,2.7,25.7,24.0,28.0
PKG0006,1.31,38.6,24.4,26.8
PKG0007,17.7,88.6,30.3,53.2
PKG0008,0.27,24.0,15.1,7.3
PKG0009,2.35,48.9,26.7,16.9
PKG0010,6.6,45.8,72.4,46.1
PKG0011,14.18,88.4,66.5,43.8
PKG0012,13.93,98.4,48.9,44.3
PKG0013,4.28,45.7,32.4,32.2
PKG0014,4.86,39.4,34.1,15.9
PKG0015,3.87,30.7,25.8,16.6
PKG0016,21.47,54.0,35.1,34.7
PKG0017,3.34,40.9,27.3,22.4
PKG0018,7.45,52.6,43.3,57.8
PKG0019,0.33,23.0,19.1,7.6
PKG0020,0.11,24.6,12.5,10.7
PKG0021,15.92,99.4,62.0,44.5
PKG0022,0.7,23.7,22.6,16.6
PKG0023,0.25,14.6,10.5,9.7
PKG0024,0.48,15.4,13.2,19.1
PKG0025,0.13,27.5,14.7,14.8
PKG0026,0.49,17.9,23.7,11.9
PKG0027,20.77,55.9,42.3,44.6
PKG0028,4.6,31.6,31.7,33.0
PKG0029,0.12,18.0,13.3,20.0
PKG0030,22.03,70.6,34.5,26.6
PKG0031,3.59,27.7,32.5,30.8
PKG0032,1.41,35.6,21.3,22.6
PKG0033,0.51,29.9,17.9,19.6
PKG0034,17.99,91.6,30.6,50.2
PKG0035,3.57,42.0,30.7,20.3
PKG0036,14.97,78.5,35.6,40.2
PKG0037,0.25,19.1,24.3,18.1
PKG0038,5.31,55.8,55.0,31.3
PKG0039,3.5,47.8,37.4,21.0
PKG0040,0.48,22.8,19.1,7.3
PKG0041,1.23,44.1,30.8,30.6
PKG0042,16.08,71.8,30.0,36.3
PKG0043,14.91,41.2,76.5,55.8
PKG0044,0.16,26.6,14.6,5.9
PKG0045,5.19,92.7,77.3,28.0
PKG0046,1.17,37.1,21.4,30.2
PKG0047,1.76,44.1,22.6,24.5
PKG0048,17.57,73.0,43.3,55.5
PKG0049,7.38,65.4,40.6,43.9
PKG0050,3.9,43.2,24.0,21.2
PKG0051,1.52,49.9,33.0,23.8
PKG0052,0.16,20.4,11.8,8.4
PKG0053,0.71,16.8,18.8,8.5
PKG0054,0.38,14.4,11.1,14.5
PKG0055,2.13,30.7,38.1,32.2
PKG0056,12.03,44.3,41.9,48.4
PKG0057,21.7,52.9,36.6,57.7
PKG0058,8.64,74.3,53.6,52.5
PKG0059,10.15,88.4,39.5,28.4
PKG0060,16.74,65.9,51.2,41.3
PKG0061,0.35,24.6,20.1,19.8
PKG0062,0.15,12.0,16.0,10.1
PKG0063,3.98,46.5,25.0,18.8
PKG0064,6.47,66.9,51.1,34.7
PKG0065,6.56,55.0,76.2,40.5
PKG0066,0.37,27.2,18.3,5.8
PKG0067,1.18,50.0,36.7,34.4
PKG0068,3.79,48.2,37.0,18.3
PKG0069,0.71,19.7,13.2,11.0
PKG0070,12.73,43.5,48.9,59.5
PKG0071,0.38,15.3,21.8,11.8
PKG0072,0.3,18.5,24.4,19.9
PKG0073,0.25,21.1,20.8,7.3
PKG0074,22.56,57.8,78.4,45.3
PKG0075,0.21,20.8,21.2,5.9
PKG0076,0.5,21.7,17.5,17.8
PKG0077,4.16,28.9,39.2,16.6
PKG0078,4.68,29.6,31.9,28.5
PKG0079,15.91,54.1,36.0,56.2
PKG0080,20.34,54.8,59.7,46.7
PKG0081,3.3,35.5,31.7,25.5
PKG0082,0.54,28.7,13.1,15.7
PKG0083,3.63,31.0,27.9,28.4
PKG0084,4.98,32.5,26.3,30.0
PKG0085,2.78,26.8,29.2,35.0
PKG0086,9.99,99.8,33.7,32.5
PKG0087,0.48,15.3,24.0,18.2
PKG0088,0.18,27.6,15.5,7.4
PKG0089,0.62,26.7,20.6,14.2
PKG0090,9.95,99.2,62.7,25.3
PKG0091,15.98,89.0,45.0,48.2
PKG0092,16.23,96.3,36.7,29.0
PKG0093,0.67,12.1,18.3,9.1
PKG0094,4.79,40.1,34.4,19.1
PKG0095,3.22,40.9,25.3,24.8
PKG0096,4.08,47.6,36.9,16.8
PKG0097,0.45,18.5,14.2,5.1
PKG0098,13.33,86.3,61.9,34.2
PKG0099,21.17,84.5,57.6,40.0
PKG0100,18.7,40.6,33.8,55.9
PKG0101,15.79,94.2,57.3,54.2
PKG0102,4.91,39.6,23.0,17.5
PKG0103,4.45,32.7,38.0,30.9
PKG0104,2.1,46.5,38.0,19.2
PKG0105,14.69,55.0,35.1,52.3
PKG0106,1.63,47.1,28.1,27.4
PKG0107,15.67,49.3,76.5,55.3
PKG0108,16.28,98.6,70.5,55.8
PKG0109,0.23,10.5,21.0,10.0
PKG0110,20.09,95.8,70.1,55.2
PKG0111,8.86,88.6,43.3,52.6
PKG0112,3.64,27.7,37.4,32.2
PKG0113,0.68,14.4,22.2,11.9
PKG0114,0.38,16.1,21.9,8.4
PKG0115,2.38,25.6,23.9,21.6
PKG0116,0.2,27.3,24.5,9.2
PKG0117,0.11,22.8,16.0,19.7
PKG0118,1.16,38.4,38.8,17.3
PKG0119,4.11,49.3,23.6,34.3
PKG0120,14.14,55.9,35.4,40.2
PKG0121,23.1,83.7,45.7,46.2
PKG0122,7.67,70.7,49.3,45.2
PKG0123,21.23,55.3,65.4,25.1
PKG0124,0.57,28.5,18.1,15.8
PKG0125,19.11,84.5,63.5,37.7
PKG0126,1.7,26.7,33.3,21.6
PKG0127,2.13,32.8,37.0,29.4
PKG0128,7.01,58.0,45.5,39.3
PKG0129,4.21,35.1,25.9,17.5
PKG0130,4.08,35.5,38.8,28.5
PKG0131,0.17,28.1,19.2,9.5
PKG0132,2.74,38.7,20.0,20.7
PKG0133,3.2,35.7,31.6,28.1
PKG0134,2.4,36.6,28.8,19.3
PKG0135,0.3,19.5,23.5,16.9
PKG0136,14.07,50.2,34.2,43.0
PKG0137,4.29,40.8,26.7,31.4
PKG0138,0.52,25.0,20.1,8.4
PKG0139,1.37,30.0,20.5,19.9
PKG0140,1.84,36.9,37.0,16.5
PKG0141,1.4,35.4,32.6,18.9
PKG0142,2.66,42.4,29.9,19.9
PKG0143,15.56,79.4,30.3,51.3
PKG0144,0.72,25.4,11.6,11.4
PKG0145,11.92,50.6,77.9,43.1
PKG0146,3.9,26.3,25.0,32.0
PKG0147,0.15,19.1,22.0,15.0
PKG0148,8.99,99.3,59.8,58.3
PKG0149,20.63,93.5,60.6,50.2
PKG0150,10.81,70.3,71.5,44.2
PKG0151,0.19,27.9,21.2,12.1
PKG0152,6.73,55.6,42.4,47.3
PKG0153,15.77,85.9,56.1,46.9
PKG0154,0.23,15.5,11.2,9.3
PKG0155,0.24,15.4,14.8,13.1
PKG0156,4.38,28.5,24.6,28.9
PKG0157,3.32,42.7,21.3,23.2
PKG0158,2.17,38.6,28.3,19.1
PKG0159,17.05,65.2,75.2,45.4
PKG0160,17.11,81.7,72.8,51.8
PKG0161,2.32,34.5,20.1,22.0
PKG0162,0.28,25.1,22.8,19.3
PKG0163,14.88,65.1,67.4,44.1
PKG0164,0.36,22.1,13.3,8.3
PKG0165,7.96,66.2,31.5,36.8
PKG0166,1.57,42.0,28.1,18.3
PKG0167,22.68,68.0,36.4,46.8
PKG0168,8.72,41.6,49.7,44.8
PKG0169,3.11,25.7,32.9,17.7
PKG0170,15.31,67.7,32.5,38.3
PKG0171,13.21,52.7,46.3,51.6
PKG0172,0.65,17.6,21.3,17.5
PKG0173,1.27,31.3,21.6,15.4
PKG0174,0.57,20.8,25.0,10.2
PKG0175,24.6,79.0,69.1,47.8
PKG0176,8.98,85.3,77.5,32.0
PKG0177,12.41,41.2,37.6,29.4
PKG0178,4.06,41.7,31.3,19.4
PKG0179,0.57,24.0,21.5,7.5
PKG0180,2.98,40.2,35.0,17.3
PKG0181,0.27,26.4,24.5,6.6
PKG0182,18.86,41.5,45.6,48.7
PKG0183,0.45,29.2,15.9,15.7
PKG0184,3.82,26.9,33.8,27.5
PKG0185,0.66,12.0,21.6,17.8
PKG0186,23.52,76.0,36.1,59.4
PKG0187,0.64,25.7,15.2,11.4
PKG0188,2.7,34.3,30.1,21.8
PKG0189,19.56,91.0,71.1,28.7
PKG0190,4.68,49.0,32.7,31.6
PKG0191,20.5,82.4,51.8,50.7
PKG0192,1.13,49.1,25.4,31.2
PKG0193,20.26,72.3,54.2,40.2
PKG0194,0.32,24.6,14.0,17.8
PKG0195,14.04,89.8,34.3,55.9
PKG0196,10.21,54.6,53.2,46.4
PKG0197,0.65,17.6,10.4,17.8
PKG0198,7.86,50.9,40.6,52.9
PKG0199,4.46,33.5,37.6,29.0
PKG0200,2.77,31.9,20.2,34.0
PKG0201,0.48,11.7,20.8,12.3
PKG0202,5.89,85.5,64.5,47.6
PKG0203,0.29,19.8,21.9,6.4
PKG0204,4.7,30.5,33.8,21.1
PKG0205,0.26,21.6,17.1,13.0
PKG0206,4.92,35.6,34.9,21.6
PKG0207,1.43,42.6,25.4,20.0
PKG0208,0.58,12.4,12.9,6.8
PKG0209,0.38,20.7,21.4,7.8
PKG0210,1.97,30.4,29.7,29.5
PKG0211,24.5,98.6,56.2,34.9
PKG0212,0.3,12.0,12.9,8.4
PKG0213,3.26,29.5,20.3,25.7
PKG0214,11.78,56.5,78.7,44.4
PKG0215,4.47,42.4,22.5,32.4
PKG0216,20.07,69.5,73.6,45.1
PKG0217,7.75,68.2,52.0,31.5
PKG0218,2.95,26.3,38.8,24.6
PKG0219,0.1,26.4,16.0,6.1
PKG0220,4.87,40.7,21.1,18.0
PKG0221,15.95,73.8,45.2,59.8
PKG0222,1.01,28.0,35.3,27.1
PKG0223,3.38,44.8,24.5,25.5
PKG0224,15.51,67.0,52.1,55.1
PKG0225,0.51,29.8,14.6,14.3
PKG0226,13.52,76.6,67.0,58.2
PKG0227,8.29,52.5,40.6,48.1
PKG0228,9.85,49.4,38.7,27.6
PKG0229,0.53,10.1,16.8,13.9
PKG0230,3.17,32.3,24.6,29.1
PKG0231,23.69,82.2,52.7,49.1
PKG0232,3.01,48.1,35.8,27.5
PKG0233,2.82,41.5,38.7,23.5
PKG0234,0.51,20.9,19.7,18.6
PKG0235,6.15,89.6,33.6,30.8
PKG0236,4.04,32.7,35.0,26.4
PKG0237,0.45,15.8,11.9,15.3
PKG0238,0.11,24.0,24.1,12.5
PKG0239,0.16,19.9,11.2,5.6
PKG0240,15.52,65.9,46.1,33.8
PKG0241,0.71,11.8,24.4,17.5
PKG0242,0.67,21.5,24.3,20.0
PKG0243,18.6,80.3,43.5,26.4
PKG0244,2.1,43.9,29.4,28.0
PKG0245,18.65,95.0,39.1,45.5
PKG0246,0.66,22.7,17.4,6.4
PKG0247,0.1,17.0,15.0,15.1
PKG0248,1.12,46.4,26.6,28.9
PKG0249,0.75,15.8,24.2,17.2
PKG0250,0.36,21.0,16.8,9.7
PKG0251,1.11,33.1,39.4,23.1
PKG0252,0.57,20.3,24.8,14.9
PKG0253,4.62,38.6,28.3,18.8
PKG0254,1.17,34.0,35.1,27.5
PKG0255,11.17,85.6,40.2,44.2
PKG0256,8.46,95.7,51.9,49.4
PKG0257,16.93,47.3,78.7,46.3
PKG0258,1.36,31.0,23.2,26.0
PKG0259,4.92,38.8,21.9,34.8
PKG0260,0.53,28.3,16.9,6.8
PKG0261,17.13,89.9,54.9,50.1
PKG0262,0.55,20.2,14.1,17.5
PKG0263,4.29,49.5,24.9,26.0
PKG0264,0.41,17.7,23.8,12.6
PKG0265,1.86,47.0,37.3,20.5
PKG0266,0.32,25.8,16.2,19.0
PKG0267,24.96,70.5,71.0,34.9
PKG0268,24.34,57.9,59.3,60.0
PKG0269,20.9,69.4,37.4,43.9
PKG0270,11.22,60.7,57.6,44.0
PKG0271,5.63,67.3,46.1,31.6
PKG0272,0.57,23.9,18.6,8.5
PKG0273,0.58,25.5,10.7,16.2
PKG0274,0.12,24.1,22.2,10.8
PKG0275,0.58,23.3,22.3,19.7
PKG0276,11.9,69.7,31.9,42.6
PKG0277,0.63,21.8,23.0,18.1
PKG0278,7.78,66.4,56.3,41.0
PKG0279,3.17,43.1,28.2,28.1
PKG0280,1.74,28.9,29.4,34.4
PKG0281,14.49,60.3,64.6,47.7
PKG0282,21.19,91.1,72.6,55.1
PKG0283,0.68,17.6,14.7,15.8
PKG0284,20.44,85.6,73.6,26.3
PKG0285,24.89,44.1,61.6,57.2
PKG0286,1.87,49.9,34.9,23.7
PKG0287,3.59,27.5,32.7,32.5
PKG0288,1.68,36.1,33.9,33.1
PKG0289,0.68,10.9,21.9,9.4
PKG0290,1.2,34.4,22.9,25.6
PKG0291,4.95,39.1,35.9,18.4
PKG0292,24.33,44.7,73.5,46.7
PKG0293,18.24,54.4,75.6,30.0
PKG0294,2.36,36.5,25.1,20.1
PKG0295,0.35,10.2,22.1,18.5
PKG0296,16.34,80.7,37.9,40.5
PKG0297,0.54,16.9,18.8,14.6
PKG0298,4.1,35.6,25.0,31.9
PKG0299,0.45,14.0,15.8,12.2
PKG0300,1.96,30.9,31.4,26.5
PKG0301,0.75,29.9,14.4,19.7
PKG0302,0.27,23.2,14.1,13.5
PKG0303,3.04,42.1,34.9,16.0
PKG0304,0.22,22.1,17.5,18.6
PKG0305,4.34,32.2,36.0,27.1
PKG0306,0.57,17.0,19.5,14.3
PKG0307,3.75,41.9,34.4,28.2
PKG0308,1.59,46.0,32.6,33.1
PKG0309,14.42,78.8,45.4,40.4
PKG0310,23.83,74.8,66.6,28.2
PKG0311,0.7,15.9,21.2,7.6
PKG0312,0.49,12.6,18.1,19.6
PKG0313,2.88,38.3,38.3,31.6
PKG0314,1.08,31.4,36.5,24.6
PKG0315,4.34,45.2,34.9,21.8
PKG0316,0.52,12.3,24.4,7.1
PKG0317,3.91,49.2,37.2,29.5
PKG0318,0.53,29.6,24.5,17.1
PKG0319,11.5,61.9,69.5,25.5
PKG0320,0.4,20.7,16.8,15.1
PKG0321,1.27,41.8,31.7,31.4
PKG0322,0.65,28.8,11.6,8.5
PKG0323,0.67,10.5,23.3,13.4
PKG0324,2.1,47.9,24.4,16.3
PKG0325,0.2,26.5,23.6,9.5
PKG0326,1.81,35.2,22.8,33.9
PKG0327,4.66,32.6,29.9,16.9
PKG0328,3.29,47.2,22.7,24.1
PKG0329,0.44,23.4,21.1,19.2
PKG0330,2.14,35.5,34.8,18.1
PKG0331,4.61,35.4,22.0,24.8
PKG0332,16.16,64.5,77.6,26.1
PKG0333,14.33,62.2,52.2,58.3
PKG0334,3.27,46.4,22.0,28.7
PKG0335,23.33,72.7,78.9,37.6
PKG0336,2.49,35.0,23.8,17.4
PKG0337,0.37,27.0,16.8,14.9
PKG0338,17.24,78.5,59.9,25.7
PKG0339,1.3,44.7,24.9,17.5
PKG0340,3.54,39.1,21.4,30.3
PKG0341,3.79,30.2,24.3,32.4
PKG0342,0.31,16.6,12.2,18.5
PKG0343,9.71,40.2,72.9,30.1
PKG0344,10.01,47.8,42.5,31.1
PKG0345,3.3,41.5,20.5,15.3
PKG0346,3.21,44.7,24.8,21.5
PKG0347,3.69,29.4,21.0,29.8
PKG0348,23.9,71.6,67.3,41.7
PKG0349,4.78,44.5,30.3,17.2
PKG0350,18.02,70.2,77.3,26.5
PKG0351,4.33,44.6,37.3,25.4
PKG0352,18.58,67.5,78.2,27.1
PKG0353,0.49,19.6,16.0,15.3
PKG0354,1.7,37.3,38.2,16.5
PKG0355,19.1,44.8,60.4,27.3
PKG0356,12.09,56.5,61.7,44.2
PKG0357,2.33,33.1,39.9,25.6
PKG0358,21.47,67.2,60.3,28.5
PKG0359,20.32,82.1,72.6,47.8
PKG0360,3.48,44.2,34.4,19.3
PKG0361,0.67,19.0,13.4,10.1
PKG0362,9.15,67.2,50.8,28.3
PKG0363,0.45,18.5,20.0,10.6
PKG0364,24.99,49.2,76.1,27.3
PKG0365,0.3,26.6,11.4,6.4
PKG0366,1.72,43.5,36.2,26.1
PKG0367,4.17,39.7,31.2,21.6
PKG0368,20.1,47.3,47.7,48.3
PKG0369,1.66,43.8,37.4,29.4
PKG0370,0.12,29.4,19.0,10.3
PKG0371,3.43,39.4,24.3,28.1
PKG0372,0.38,14.5,11.6,17.7
PKG0373,17.83,62.1,68.1,45.1
PKG0374,17.54,88.4,72.3,59.1
PKG0375,0.46,26.4,19.2,14.6
PKG0376,4.81,25.7,38.6,31.6
PKG0377,17.63,56.0,39.0,49.6
PKG0378,2.0,32.7,26.8,15.1
PKG0379,1.55,46.7,31.3,23.0
PKG0380,0.45,12.8,19.5,5.5
PKG0381,11.41,84.8,40.8,39.7
PKG0382,15.87,60.5,48.5,50.3
PKG0383,1.57,44.4,31.4,16.7
PKG0384,4.25,26.3,23.1,27.4
PKG0385,2.98,41.8,25.4,28.2
PKG0386,3.59,37.1,28.8,20.5
PKG0387,6.5,85.3,35.7,40.0
PKG0388,18.28,57.0,63.9,42.0
PKG0389,0.73,23.3,10.7,10.9
PKG0390,20.26,76.0,30.4,35.5
PKG0391,4.49,30.3,22.7,20.1
PKG0392,0.46,16.6,10.1,16.2
PKG0393,0.68,13.5,15.7,15.6
PKG0394,0.69,20.0,22.5,17.1
PKG0395,0.7,11.4,22.9,5.6
PKG0396,0.73,10.4,23.8,17.9
PKG0397,2.93,39.4,31.5,29.2
PKG0398,0.25,18.4,11.7,5.3
PKG0399,3.88,33.1,36.0,27.4
PKG0400,23.96,89.9,76.0,28.1
PKG0401,12.65,90.7,42.2,45.6
PKG0402,1.15,38.1,27.9,21.2
PKG0403,4.44,33.5,26.7,18.4
PKG0404,14.0,70.6,35.7,42.8
PKG0405,22.89,94.4,47.5,50.5
PKG0406,4.08,45.5,36.3,19.7
PKG0407,21.5,48.8,39.9,46.1
PKG0408,5.07,85.6,62.8,31.2
PKG0409,11.96,86.4,54.7,51.4
PKG0410,0.67,25.2,16.7,18.9
PKG0411,0.52,21.3,19.5,14.4
PKG0412,19.43,91.9,61.4,30.3
PKG0413,19.46,44.1,52.1,35.6
PKG0414,0.54,15.5,10.8,12.6
PKG0415,0.45,16.2,16.8,5.9
PKG0416,0.36,26.6,11.2,18.0
PKG0417,0.53,27.1,19.2,12.6
PKG0418,20.52,67.8,57.7,52.7
PKG0419,6.26,93.8,52.5,53.3
PKG0420,17.58,79.1,46.1,41.6
PKG0421,20.38,49.1,33.1,28.6
PKG0422,15.58,93.9,47.2,50.0
PKG0423,3.69,37.6,23.5,20.0
PKG0424,19.28,66.3,52.0,43.3
PKG0425,17.31,49.5,48.6,34.9
PKG0426,24.08,64.5,46.9,45.9
PKG0427,2.81,44.7,32.9,16.3
PKG0428,4.17,27.4,33.6,20.7
PKG0429,20.66,83.4,62.8,56.7
PKG0430,0.5,27.5,15.0,13.7
PKG0431,2.07,28.5,27.0,34.4
PKG0432,0.44,24.0,15.9,13.9
PKG0433,12.66,96.3,45.5,38.2
PKG0434,0.64,25.8,22.2,15.1
PKG0435,4.27,45.7,34.8,28.7
PKG0436,0.24,20.5,19.7,11.4
PKG0437,11.42,61.7,48.1,31.3
PKG0438,0.16,14.3,24.2,12.3
PKG0439,3.64,30.7,22.8,16.5
PKG0440,2.02,46.1,22.0,30.4
PKG0441,0.56,26.7,23.3,5.6
PKG0442,1.1,33.4,35.3,17.6
PKG0443,11.38,62.6,38.1,54.1
PKG0444,9.02,86.3,70.5,30.8
PKG0445,11.04,66.3,50.5,48.7
PKG0446,2.77,30.9,28.9,20.7
PKG0447,3.77,43.7,29.0,25.7
PKG0448,0.45,16.2,22.1,12.0
PKG0449,1.95,45.9,27.4,33.9
PKG0450,8.7,99.1,53.1,34.9
PKG0451,3.22,34.5,30.5,34.3
PKG0452,23.73,89.0,70.1,29.8
PKG0453,0.59,15.0,19.6,18.1
PKG0454,0.17,21.1,11.5,17.7
PKG0455,11.73,91.1,44.3,51.7
PKG0456,0.27,15.5,23.6,7.2
PKG0457,0.29,18.7,24.2,8.3
PKG0458,16.06,67.1,47.5,25.9
PKG0459,5.97,43.2,55.1,33.3
PKG0460,10.47,99.7,48.7,26.0
PKG0461,1.56,48.3,36.8,28.0
PKG0462,0.25,25.8,12.1,9.3
PKG0463,3.96,45.7,33.9,17.8
PKG0464,20.83,82.3,52.4,25.2
PKG0465,19.5,44.8,42.8,54.2
PKG0466,0.35,21.0,20.9,12.9
PKG0467,10.07,46.7,44.4,35.5
PKG0468,0.73,11.0,16.3,16.9
PKG0469,18.17,67.4,35.5,56.7
PKG0470,0.4,21.9,10.2,12.7
PKG0471,1.55,31.0,22.9,23.6
PKG0472,13.41,76.9,42.0,39.6
PKG0473,14.14,79.9,34.3,59.1
PKG0474,0.59,11.4,17.9,12.6
PKG0475,0.67,29.8,18.3,10.9
PKG0476,0.66,19.4,19.5,19.7
PKG0477,10.51,55.2,30.8,52.6
PKG0478,0.48,16.9,21.0,14.4
PKG0479,0.16,25.4,21.0,10.0
PKG0480,4.91,26.1,30.9,31.3
PKG0481,0.62,13.5,21.7,12.0
PKG0482,0.63,23.9,19.5,17.2
PKG0483,3.03,26.6,35.5,24.2
PKG0484,4.04,32.3,20.9,19.0
PKG0485,20.15,42.5,76.7,43.0
PKG0486,5.91,99.3,57.2,33.9
PKG0487,1.69,43.8,23.8,22.1
PKG0488,0.75,25.6,23.0,10.0
PKG0489,3.1,28.1,27.4,32.8
PKG0490,0.62,24.9,23.4,10.8
PKG0491,23.96,98.4,54.8,42.4
PKG0492,14.29,95.5,56.0,53.0
PKG0493,4.49,43.2,21.6,27.0
PKG0494,0.51,26.4,18.2,9.8
PKG0495,4.3,27.0,33.2,21.1
PKG0496,22.97,76.2,51.3,49.1
PKG0497,1.7,33.8,20.8,32.4
PKG0498,23.77,61.2,79.9,34.6
PKG0499,0.11,29.6,24.2,6.1
PKG0500,6.76,78.3,48.2,53.0
PKG0501,10.98,80.8,77.6,30.0
PKG0502,3.43,40.2,35.6,15.7
PKG0503,1.83,26.7,35.6,22.3
PKG0504,3.97,34.6,31.3,27.1
PKG0505,2.81,42.0,39.0,22.4
PKG0506,4.45,44.1,31.5,25.6
PKG0507,21.57,63.9,62.5,33.7
PKG0508,4.78,27.8,34.7,25.0
PKG0509,10.97,63.2,58.1,34.2
PKG0510,2.99,31.5,28.9,34.9
PKG0511,19.71,57.1,75.8,42.2
PKG0512,4.63,28.1,37.1,24.0
PKG0513,0.51,28.0,16.7,6.3
PKG0514,1.32,42.0,36.9,21.4
PKG0515,1.34,33.7,21.3,25.8
PKG0516,0.25,27.8,22.8,15.7
PKG0517,0.7,28.5,19.6,16.9
PKG0518,17.15,70.5,36.1,32.0
PKG0519,5.57,48.3,69.5,25.9
PKG0520,2.76,38.9,27.4,31.1
PKG0521,2.88,38.8,32.2,16.7
PKG0522,2.64,32.7,40.0,29.4
PKG0523,0.73,20.5,21.5,17.4
PKG0524,2.35,26.8,39.4,27.8
PKG0525,8.57,67.0,64.0,37.1
PKG0526,0.38,27.6,21.7,14.6
PKG0527,3.52,29.5,39.3,23.7
PKG0528,13.11,94.6,32.8,29.3
PKG0529,22.4,49.2,38.2,36.3
PKG0530,1.03,42.7,26.9,33.8
PKG0531,15.31,93.7,72.3,33.8
PKG0532,0.61,22.7,18.3,6.9
PKG0533,16.57,58.2,56.7,42.6
PKG0534,18.09,50.1,77.1,30.4
PKG0535,1.85,41.5,34.4,27.1
PKG0536,2.54,46.1,31.3,31.5
PKG0537,3.53,25.7,20.9,27.8
PKG0538,9.96,74.6,62.6,51.8
PKG0539,0.32,18.3,19.6,12.5
PKG0540,6.79,77.6,44.5,58.5
PKG0541,3.74,37.1,36.1,28.7
PKG0542,3.15,32.4,21.5,16.2
PKG0543,0.66,18.8,17.3,8.1
PKG0544,0.38,22.1,14.7,15.8
PKG0545,19.68,84.1,73.0,59.1
PKG0546,7.81,47.8,48.5,44.7
PKG0547,0.6,16.4,17.0,9.0
PKG0548,0.38,15.0,11.5,9.4
PKG0549,3.77,34.6,32.3,20.0
PKG0550,2.81,46.6,23.2,21.5
PKG0551,3.74,39.4,26.3,30.3
PKG0552,0.42,20.0,17.7,12.5
PKG0553,3.12,32.7,20.5,33.9
PKG0554,24.47,70.3,78.3,32.5
PKG0555,2.94,33.8,21.0,24.9
PKG0556,0.25,27.6,19.8,12.1
PKG0557,11.34,72.2,72.4,40.1
PKG0558,2.57,47.1,34.6,30.3
PKG0559,0.28,17.3,16.0,13.6
PKG0560,0.36,13.9,18.3,6.1
PKG0561,20.57,70.3,68.2,34.8
PKG0562,1.1,49.7,33.6,17.4
PKG0563,11.25,98.5,49.7,52.8
PKG0564,7.22,60.3,76.9,51.4
PKG0565,2.24,30.0,30.2,25.0
PKG0566,16.03,42.7,36.9,36.7
PKG0567,3.8,36.8,29.1,27.1
PKG0568,0.64,20.3,14.9,14.2
PKG0569,0.29,13.3,24.9,16.1
PKG0570,0.34,16.0,15.0,17.4
PKG0571,3.5,38.3,34.2,21.0
PKG0572,0.67,26.3,15.5,15.1
PKG0573,0.34,29.6,18.8,17.0
PKG0574,19.81,83.5,64.4,25.9
PKG0575,23.58,68.5,78.4,52.4
PKG0576,3.28,44.4,31.6,29.4
PKG0577,7.27,75.0,38.5,47.0
PKG0578,3.21,40.5,36.8,18.0
PKG0579,0.43,23.6,10.5,19.2
PKG0580,0.44,12.2,10.3,9.7
PKG0581,1.95,28.8,33.8,23.2
PKG0582,24.78,86.5,76.0,55.5
PKG0583,2.8,43.4,21.2,17.8
PKG0584,19.66,52.4,46.3,48.2
PKG0585,0.22,20.5,14.7,7.6
PKG0586,16.96,94.7,47.1,37.4
PKG0587,24.06,86.3,66.0,47.5
PKG0588,23.49,81.6,60.5,31.7
PKG0589,0.38,14.9,18.4,8.4
PKG0590,1.54,49.3,26.0,20.8
PKG0591,4.65,30.2,34.1,21.3
PKG0592,5.46,60.9,76.7,52.8
PKG0593,0.43,15.5,11.8,15.1
PKG0594,1.47,34.5,39.6,31.4
PKG0595,23.14,97.3,70.2,35.2
PKG0596,1.03,32.2,34.3,21.9
PKG0597,1.5,36.1,25.1,24.6
PKG0598,20.87,52.1,56.9,57.7
PKG0599,1.29,42.4,22.7,27.3
PKG0600,10.49,75.2,42.1,48.4
PKG0601,1.06,38.3,32.8,16.0
PKG0602,0.3,18.3,20.8,6.5
PKG0603,0.45,25.4,10.1,13.3
PKG0604,4.76,48.2,28.1,33.7
PKG0605,0.37,27.6,17.2,8.0
PKG0606,1.74,49.1,26.4,27.9
PKG0607,0.59,28.2,11.3,13.6
PKG0608,3.39,38.4,34.5,33.7
PKG0609,0.47,28.3,12.6,18.2
PKG0610,19.95,50.5,76.0,59.9
PKG0611,18.48,63.8,54.8,57.8
PKG0612,0.12,29.2,23.9,18.2
PKG0613,8.03,40.6,58.4,28.8
PKG0614,15.18,99.0,44.2,59.6
PKG0615,1.59,38.6,29.9,33.8
PKG0616,3.36,46.3,29.4,18.9
PKG0617,0.63,12.3,12.4,11.9
PKG0618,23.66,55.4,39.3,50.8
PKG0619,15.26,87.4,58.4,51.5
PKG0620,0.45,13.5,22.8,18.5
PKG0621,8.5,89.6,55.8,28.0
PKG0622,3.26,41.7,23.7,17.8
PKG0623,6.25,59.4,42.4,34.1
PKG0624,0.53,14.7,21.3,19.3
PKG0625,0.54,16.0,20.8,5.2
PKG0626,6.01,79.2,64.6,27.2
PKG0627,0.22,12.4,14.6,11.1
PKG0628,14.82,70.2,74.8,49.6
PKG0629,4.03,32.8,22.3,33.3
PKG0630,1.89,32.4,32.3,19.4
PKG0631,19.7,48.0,37.7,51.2
PKG0632,11.55,76.3,50.8,44.2
PKG0633,0.27,19.4,18.1,15.0
PKG0634,0.54,14.4,13.7,16.3
PKG0635,0.52,27.5,11.2,11.7
PKG0636,4.89,42.6,21.6,26.3
PKG0637,0.36,11.2,18.2,12.6
PKG0638,3.69,39.3,23.0,21.6
PKG0639,4.91,38.0,22.3,19.1
PKG0640,0.52,21.7,11.4,12.7
PKG0641,0.49,26.2,16.8,12.7
PKG0642,0.17,19.1,10.9,11.9
PKG0643,0.62,26.1,20.8,10.9
PKG0644,1.06,45.4,34.9,26.6
PKG0645,24.45,42.7,47.2,27.2
PKG0646,6.3,99.6,76.7,27.4
PKG0647,5.63,96.0,31.6,39.3
PKG0648,3.15,44.2,35.3,34.6
PKG0649,0.66,22.9,16.3,19.9
PKG0650,0.36,17.6,23.0,18.6
PKG0651,0.4,17.5,20.2,14.9
PKG0652,0.36,20.8,19.8,10.2
PKG0653,17.26,50.7,56.9,43.5
PKG0654,17.13,83.7,41.1,25.1
PKG0655,0.26,10.5,14.5,15.1
PKG0656,0.45,20.9,18.0,17.4
PKG0657,1.25,31.2,26.9,20.5
PKG0658,3.97,48.4,34.5,17.3
PKG0659,22.27,88.6,51.0,51.8
PKG0660,0.57,27.7,10.2,8.1
PKG0661,2.3,27.5,20.7,27.0
PKG0662,4.43,42.6,21.0,29.8
PKG0663,1.7,35.1,24.7,19.3
PKG0664,3.89,46.6,21.1,25.1
PKG0665,4.04,32.2,36.3,29.6
PKG0666,14.92,59.1,59.9,48.5
PKG0667,0.57,16.4,14.5,7.1
PKG0668,19.37,79.6,41.1,35.5
PKG0669,14.9,43.7,77.4,55.8
PKG0670,4.15,47.8,32.5,23.5
PKG0671,0.12,19.9,24.6,19.1
PKG0672,1.93,41.8,35.7,21.4
PKG0673,0.57,18.3,12.2,10.6
PKG0674,0.72,25.1,17.1,17.7
PKG0675,3.45,32.5,34.2,31.1
PKG0676,5.67,94.9,58.1,58.9
PKG0677,4.96,38.9,22.7,19.9
PKG0678,0.4,14.1,19.7,18.8
PKG0679,0.54,26.9,11.4,15.9
PKG0680,0.69,13.8,14.0,15.1
PKG0681,4.38,40.1,37.5,18.8
PKG0682,2.36,44.0,34.5,26.2
PKG0683,6.58,68.8,73.5,36.7
PKG0684,3.48,48.9,20.3,33.7
PKG0685,1.89,49.1,22.3,35.0
PKG0686,9.72,68.7,42.1,46.2
PKG0687,2.45,30.1,38.3,26.0
PKG0688,1.86,44.4,27.6,25.7
PKG0689,0.14,17.2,13.9,12.7
PKG0690,0.3,19.9,11.5,19.7
PKG0691,0.32,19.4,22.6,18.7
PKG0692,0.16,17.4,16.2,13.4
PKG0693,0.36,14.4,12.2,8.9
PKG0694,0.17,28.7,18.7,11.3
PKG0695,0.48,13.0,14.9,10.7
PKG0696,3.42,45.8,30.0,28.1
PKG0697,3.99,42.1,25.1,31.4
PKG0698,19.07,98.0,62.1,42.2
PKG0699,0.71,13.4,21.9,7.5
PKG0700,15.59,83.2,54.4,57.1
PKG0701,0.74,20.8,19.6,5.9
PKG0702,0.24,10.7,22.7,19.2
PKG0703,15.0,80.1,68.2,39.4
PKG0704,2.13,46.1,24.6,29.1
PKG0705,24.86,40.5,55.3,38.1
PKG0706,0.18,22.4,20.0,14.2
PKG0707,11.14,69.0,54.4,25.2
PKG0708,4.97,38.8,20.2,25.6
PKG0709,2.8,31.9,39.5,15.3
PKG0710,7.35,88.8,63.7,53.2
PKG0711,0.42,28.2,11.6,6.4
PKG0712,5.84,48.9,39.6,43.4
PKG0713,4.9,45.4,25.3,22.9
PKG0714,3.25,34.3,28.1,26.3
PKG0715,2.88,49.8,24.5,28.7
PKG0716,0.13,27.0,19.8,17.9
PKG0717,0.46,25.2,11.4,10.7
PKG0718,3.66,38.8,21.1,15.2
PKG0719,14.98,50.3,55.0,40.2
PKG0720,1.59,44.6,31.3,32.2
PKG0721,0.24,11.9,17.9,5.6
PKG0722,0.64,14.2,23.0,18.3
PKG0723,4.46,36.9,20.9,16.5
PKG0724,2.18,48.1,38.0,26.3
PKG0725,16.54,42.0,76.4,36.0
PKG0726,3.09,49.0,31.7,30.0
PKG0727,2.94,42.8,28.0,16.5
PKG0728,24.46,49.7,42.0,54.2
PKG0729,15.31,63.3,74.8,36.6
PKG0730,0.6,25.1,12.1,19.8
PKG0731,1.58,43.1,30.0,34.5
PKG0732,2.0,26.3,28.7,31.8
PKG0733,3.71,33.5,35.4,34.1
PKG0734,23.55,63.8,68.7,26.0
PKG0735,0.49,15.5,24.9,12.4
PKG0736,1.21,33.9,38.8,23.6
PKG0737,4.38,42.0,33.2,16.7
PKG0738,3.18,40.5,36.0,29.3
PKG0739,0.5,11.6,12.3,15.7
PKG0740,3.39,40.8,34.8,21.3
PKG0741,1.97,27.7,20.1,21.2
PKG0742,13.38,61.6,43.5,29.6
PKG0743,4.43,29.7,29.0,26.1
PKG0744,0.72,18.2,10.4,10.3
PKG0745,3.68,27.3,32.0,21.5
PKG0746,4.4,34.6,25.8,22.8
PKG0747,0.24,11.7,23.5,18.6
PKG0748,0.37,29.6,18.6,7.5
PKG0749,0.29,17.6,12.1,9.5
PKG0750,0.31,19.9,10.9,11.5
PKG0751,4.33,35.5,29.7,16.5
PKG0752,23.67,55.1,42.3,46.9
PKG0753,0.14,21.9,12.9,6.6
PKG0754,18.91,58.3,77.4,36.6
PKG0755,8.25,77.2,70.2,36.5
PKG0756,1.46,33.4,36.3,32.2
PKG0757,11.56,98.5,36.8,36.2
PKG0758,0.32,28.9,13.0,9.7
PKG0759,16.67,97.9,78.4,35.2
PKG0760,0.56,23.9,17.4,13.6
PKG0761,0.16,14.8,15.6,17.2
PKG0762,17.75,63.6,35.7,44.7
PKG0763,1.39,39.8,30.9,28.6
PKG0764,3.25,38.8,39.1,24.2
PKG0765,2.96,42.7,28.8,20.8
PKG0766,22.79,81.6,70.9,52.8
PKG0767,4.41,35.2,30.0,27.7
PKG0768,9.93,54.5,62.9,50.0
PKG0769,0.65,25.8,11.1,19.9
PKG0770,15.62,68.8,50.0,42.7
PKG0771,0.65,28.4,20.4,13.2
PKG0772,18.87,87.4,48.0,56.3
PKG0773,8.25,72.2,61.9,28.0
PKG0774,10.79,86.1,62.9,37.4
PKG0775,0.67,22.9,10.7,19.8
PKG0776,0.27,23.5,16.0,16.3
PKG0777,17.31,97.9,51.5,25.4
PKG0778,9.12,55.5,55.5,43.2
PKG0779,0.75,21.6,18.6,11.7
PKG0780,21.32,63.5,68.6,45.6
PKG0781,20.43,70.0,47.2,25.9
PKG0782,4.42,27.6,28.3,34.2
PKG0783,2.83,27.9,38.8,17.8
PKG0784,1.22,32.8,29.1,19.1
PKG0785,6.64,69.0,53.8,40.3
PKG0786,4.17,42.4,26.4,21.0
PKG0787,0.5,26.2,11.7,17.7
PKG0788,0.3,23.0,20.2,7.5
PKG0789,4.7,49.6,24.9,18.5
PKG0790,14.4,49.6,58.0,58.5
PKG0791,0.59,14.6,16.1,7.8
PKG0792,0.21,22.8,16.5,5.4
PKG0793,0.35,22.3,13.0,13.9
PKG0794,4.87,34.7,34.1,19.1
PKG0795,18.92,85.1,70.4,27.2
PKG0796,22.94,46.1,73.6,31.5
PKG0797,23.39,59.6,52.9,34.2
PKG0798,2.03,46.6,30.6,27.8
PKG0799,0.73,21.9,19.2,13.8
PKG0800,0.13,17.0,22.7,14.3
PKG0801,3.96,45.3,34.1,20.9
PKG0802,15.86,76.9,34.2,29.7
PKG0803,16.48,47.1,45.3,31.4
PKG0804,4.2,42.3,30.2,23.4
PKG0805,10.76,48.3,49.2,31.5
PKG0806,15.73,78.1,64.7,47.6
PKG0807,0.61,30.0,18.3,12.3
PKG0808,4.54,28.5,26.3,24.0
PKG0809,13.65,43.2,48.0,25.3
PKG0810,10.74,48.2,70.8,58.7
PKG0811,17.05,70.3,54.7,49.0
PKG0812,5.38,64.9,72.0,42.1
PKG0813,0.4,11.7,10.5,16.4
PKG0814,3.65,32.3,25.5,25.8
PKG0815,0.27,13.4,16.9,16.1
PKG0816,11.28,86.0,57.5,29.0
PKG0817,1.26,27.9,35.5,31.5
PKG0818,15.05,62.0,71.1,26.5
PKG0819,0.73,24.4,18.2,19.8
PKG0820,0.55,12.0,22.5,16.3
PKG0821,1.38,32.4,40.0,24.0
PKG0822,10.12,60.9,70.8,40.4
PKG0823,0.39,29.9,21.6,8.6
PKG0824,7.78,88.6,59.4,37.3
PKG0825,2.5,42.8,32.7,18.3
PKG0826,3.89,28.5,24.1,19.1
PKG0827,19.19,43.6,47.5,34.8
PKG0828,3.03,38.5,26.5,29.1
PKG0829,7.75,57.4,43.4,55.0
PKG0830,0.14,29.7,20.2,6.4
PKG0831,2.96,49.1,35.7,33.4
PKG0832,21.82,99.5,73.4,29.4
PKG0833,4.39,46.7,25.0,29.2
PKG0834,8.0,89.7,68.1,48.7
PKG0835,3.67,37.2,31.5,20.4
PKG0836,0.67,18.3,16.8,14.5
PKG0837,3.06,47.0,21.9,25.3
PKG0838,6.72,56.7,76.8,37.9
PKG0839,0.41,29.0,14.9,5.0
PKG0840,17.39,86.4,66.6,50.6
PKG0841,0.63,19.2,20.0,10.4
PKG0842,2.4,26.6,30.7,19.4
PKG0843,3.55,35.7,24.2,20.4
PKG0844,0.44,26.6,15.1,13.7
PKG0845,0.72,21.3,17.3,10.2
PKG0846,21.31,81.0,32.4,28.5
PKG0847,0.5,25.7,16.9,6.9
PKG0848,4.63,46.4,28.8,15.0
PKG0849,0.65,29.2,13.0,15.3
PKG0850,0.42,12.6,19.7,7.4
PKG0851,0.69,28.7,14.1,14.8
PKG0852,4.5,31.3,27.4,33.1
PKG0853,4.88,29.1,27.9,21.1
PKG0854,23.75,82.0,41.7,47.9
PKG0855,0.14,24.1,10.0,12.2
PKG0856,18.8,48.0,41.3,48.8
PKG0857,0.44,10.2,20.4,17.3
PKG0858,0.32,29.8,16.3,7.0
PKG0859,0.75,11.4,15.7,16.0
PKG0860,4.71,27.6,26.3,32.6
PKG0861,0.14,12.7,21.6,16.3
PKG0862,23.26,48.0,79.6,30.0
PKG0863,2.73,38.3,20.2,28.0
PKG0864,0.23,18.8,20.8,14.4
PKG0865,0.47,13.0,16.2,15.3
PKG0866,8.06,91.6,34.3,28.5
PKG0867,0.15,25.0,18.8,10.8
PKG0868,11.56,97.8,45.7,29.9
PKG0869,2.41,31.9,21.7,26.1
PKG0870,6.94,76.0,60.4,52.3
PKG0871,15.65,81.4,72.4,48.0
PKG0872,0.52,16.0,17.8,12.6
PKG0873,7.15,84.9,44.8,26.9
PKG0874,4.16,47.4,39.1,24.9
PKG0875,0.71,12.3,17.5,13.9
PKG0876,0.17,20.6,24.7,19.8
PKG0877,0.27,28.7,12.0,17.9
PKG0878,2.77,39.2,27.3,28.7
PKG0879,0.61,25.3,24.3,16.6
PKG0880,2.15,25.4,21.4,20.2
PKG0881,7.32,42.4,33.0,52.6
PKG0882,3.12,37.7,32.6,25.0
PKG0883,6.82,64.9,65.1,27.9
PKG0884,2.22,38.4,32.3,20.5
PKG0885,24.78,58.6,55.6,32.1
PKG0886,2.21,45.2,30.7,22.8
PKG0887,3.57,40.9,36.7,28.6
PKG0888,4.79,26.7,34.0,29.6
PKG0889,1.37,46.2,21.2,16.7
PKG0890,3.53,35.9,29.1,27.2
PKG0891,1.21,32.7,34.8,29.8
PKG0892,22.57,47.2,65.4,49.6
PKG0893,0.65,13.3,24.3,12.8
PKG0894,0.49,25.7,20.8,7.5
PKG0895,7.62,47.6,69.1,34.4
PKG0896,0.15,27.7,21.6,5.4
PKG0897,0.68,26.1,14.1,6.0
PKG0898,2.14,42.8,31.5,16.5
PKG0899,0.59,19.1,15.4,12.5
PKG0900,2.36,39.2,27.4,20.1
PKG0901,11.39,46.2,58.7,50.3
PKG0902,16.66,53.7,55.4,26.5
PKG0903,3.26,46.6,24.9,24.4
PKG0904,9.3,63.0,37.5,57.6
PKG0905,7.48,91.4,57.6,57.0
PKG0906,2.68,43.5,28.4,21.4
PKG0907,5.53,65.0,66.0,34.5
PKG0908,7.44,44.7,48.6,42.6
PKG0909,3.71,47.5,23.6,31.1
PKG0910,15.11,98.9,77.7,27.4
PKG0911,0.54,19.3,14.2,17.7
PKG0912,1.06,33.2,31.1,15.2
PKG0913,2.65,30.0,31.3,21.1
PKG0914,0.24,22.5,17.0,13.9
PKG0915,7.74,69.6,68.6,31.8
PKG0916,0.41,28.0,21.4,8.7
PKG0917,20.38,40.4,50.5,33.2
PKG0918,2.41,33.7,36.8,32.5
PKG0919,18.0,97.1,30.1,48.0
PKG0920,0.37,27.0,20.9,6.6
PKG0921,10.8,71.8,41.9,42.2
PKG0922,9.96,43.6,79.8,49.9
PKG0923,0.16,11.9,23.8,18.5
PKG0924,9.5,71.2,65.0,38.0
PKG0925,4.78,49.4,21.7,16.9
PKG0926,4.18,28.3,36.4,16.5
PKG0927,3.6,39.2,28.7,34.3
PKG0928,7.22,54.2,43.0,36.0
PKG0929,1.63,45.0,34.0,29.7
PKG0930,0.48,16.4,14.1,6.1
PKG0931,3.29,30.1,35.6,26.7
PKG0932,0.24,13.1,12.5,12.0
PKG0933,0.63,18.1,18.0,19.5
PKG0934,1.25,30.2,26.2,20.3
PKG0935,0.11,12.4,12.4,15.3
PKG0936,2.61,45.7,33.9,15.8
PKG0937,0.2,26.7,14.9,6.4
PKG0938,1.94,31.2,27.1,25.3
PKG0939,7.5,80.6,43.0,59.7
PKG0940,12.36,41.9,50.2,40.8
PKG0941,3.83,43.7,25.0,24.2
PKG0942,0.59,26.1,12.1,5.2
PKG0943,0.61,26.6,24.7,7.0
PKG0944,21.78,89.4,48.6,47.1
PKG0945,0.26,22.9,18.7,8.9
PKG0946,0.26,26.3,10.3,6.0
PKG0947,22.39,94.1,52.2,29.5
PKG0948,4.02,47.6,36.6,21.6
PKG0949,19.07,42.6,53.0,30.9
PKG0950,7.26,74.4,71.1,38.8
PKG0951,4.23,25.7,33.7,18.5
PKG0952,0.53,14.3,12.8,9.2
PKG0953,2.31,47.1,20.7,27.4
PKG0954,0.66,14.9,14.4,11.2
PKG0955,0.72,21.0,10.9,9.2
PKG0956,3.46,28.4,24.0,32.7
PKG0957,4.44,38.1,32.6,31.0
PKG0958,2.97,44.9,39.8,30.6
PKG0959,3.61,34.0,30.9,24.7
PKG0960,4.89,47.8,30.0,22.8
PKG0961,3.65,29.5,26.4,19.4
PKG0962,0.17,27.9,21.7,5.9
PKG0963,0.64,29.8,17.9,16.5
PKG0964,1.57,50.0,39.5,17.0
PKG0965,4.22,41.4,25.3,31.3
PKG0966,16.02,95.0,32.8,59.9
PKG0967,0.44,14.4,22.7,17.0
PKG0968,4.23,33.9,36.8,31.9
PKG0969,0.3,13.5,18.9,17.1
PKG0970,0.58,24.0,23.7,5.4
PKG0971,0.59,24.0,24.2,13.5
PKG0972,0.28,21.3,12.8,19.8
PKG0973,0.31,27.6,17.4,9.6
PKG0974,0.12,19.8,11.4,8.5
PKG0975,4.22,30.5,30.5,15.0
PKG0976,4.33,47.9,24.0,17.6
PKG0977,0.25,24.3,23.8,17.7
PKG0978,1.21,33.1,20.4,26.7
PKG0979,0.33,28.3,21.6,17.7
PKG0980,1.75,46.5,39.2,22.5
PKG0981,11.95,96.5,49.8,28.5
PKG0982,3.1,32.5,22.7,18.2
PKG0983,3.68,48.7,35.8,34.2
PKG0984,3.81,41.2,23.5,34.4
PKG0985,10.95,81.6,76.4,52.5
PKG0986,2.41,30.6,31.8,18.5
PKG0987,19.47,58.4,64.4,29.5
PKG0988,3.03,43.2,39.0,34.0
PKG0989,0.67,17.8,24.9,19.5
PKG0990,4.47,25.8,32.0,33.4
PKG0991,8.99,98.1,41.0,44.8
PKG0992,0.71,28.7,12.1,16.2
PKG0993,1.07,30.9,39.6,18.4
PKG0994,4.0,47.1,21.8,29.2
PKG0995,3.41,41.0,37.7,23.9
PKG0996,0.21,15.3,13.7,6.0
PKG0997,6.34,55.4,35.4,25.0
PKG0998,0.61,17.7,21.0,19.5
PKG0999,0.25,27.7,17.4,10.7
PKG1000,3.35,38.7,22.0,24.6
PKG1001,0.27,27.3,19.8,15.3
PKG1002,3.79,29.1,21.5,31.9
PKG1003,0.65,15.9,14.8,19.3
PKG1004,4.8,26.9,23.4,22.5
PKG1005,4.03,43.3,30.9,33.0
PKG1006,0.11,11.9,18.9,14.2
PKG1007,0.6,19.7,10.5,19.1
PKG1008,13.58,49.9,74.5,30.5
PKG1009,22.06,46.1,40.3,31.6
PKG1010,19.35,81.8,66.1,50.5
PKG1011,1.15,31.6,25.6,19.8
PKG1012,0.23,11.0,18.6,17.6
PKG1013,0.62,13.1,15.4,11.4
PKG1014,4.24,32.4,33.2,27.0
PKG1015,2.53,30.0,20.5,18.4
PKG1016,23.7,57.5,34.1,54.5
PKG1017,3.98,32.7,27.9,24.8
PKG1018,2.29,41.5,21.8,25.9
PKG1019,0.18,13.7,23.3,10.5
PKG1020,1.8,36.1,25.3,24.3
PKG1021,4.28,30.7,25.4,16.2
PKG1022,3.79,43.8,33.3,16.7
PKG1023,2.3,33.6,30.8,34.4
PKG1024,2.35,39.7,31.1,31.8
PKG1025,4.79,45.5,28.4,25.7
PKG1026,0.18,27.3,17.1,18.2
PKG1027,3.75,36.9,21.6,33.1
PKG1028,1.5,42.9,30.0,33.0
PKG1029,0.66,26.0,20.2,14.3
PKG1030,0.2,12.4,21.4,7.6
PKG1031,18.4,99.1,78.6,53.3
PKG1032,11.45,47.6,51.2,59.6
PKG1033,0.23,18.7,25.0,14.4
PKG1034,0.38,26.7,13.9,18.7
PKG1035,1.4,47.9,21.3,22.8
PKG1036,0.43,17.9,14.9,9.1
PKG1037,3.93,36.5,37.5,30.7
PKG1038,6.35,77.4,56.1,39.7
PKG1039,3.35,35.4,23.0,26.8
PKG1040,0.16,25.2,24.1,18.9
PKG1041,0.5,21.3,11.5,9.3
PKG1042,12.51,72.1,47.2,39.4
PKG1043,2.75,34.6,29.7,27.2
PKG1044,24.33,42.2,43.8,30.0
PKG1045,1.91,40.2,33.9,15.8
PKG1046,0.42,27.8,15.0,8.6
PKG1047,2.13,43.6,38.4,32.9
PKG1048,2.8,25.5,36.3,21.1
PKG1049,0.2,15.6,17.4,15.4
PKG1050,18.39,45.9,73.4,29.7
PKG1051,3.02,49.4,28.9,31.5
PKG1052,22.46,56.2,50.8,47.6
PKG1053,1.78,29.7,24.2,31.5
PKG1054,0.47,24.8,21.4,18.0
PKG1055,0.51,26.4,17.7,7.4
PKG1056,22.02,58.7,55.3,29.7
PKG1057,4.22,46.3,37.6,15.6
PKG1058,4.28,29.8,36.7,31.7
PKG1059,2.5,31.2,29.1,33.4
PKG1060,4.49,42.6,25.5,31.5
PKG1061,1.01,37.6,32.7,17.5
PKG1062,0.4,10.6,15.6,13.9
PKG1063,7.25,50.7,73.5,45.5
PKG1064,16.23,61.0,38.2,56.3
PKG1065,11.93,84.9,64.4,35.0
PKG1066,0.27,17.7,12.4,13.6
PKG1067,0.74,29.3,22.9,14.7
PKG1068,0.21,23.6,14.0,11.1
PKG1069,0.65,10.4,21.7,16.5
PKG1070,0.6,10.2,23.7,14.7
PKG1071,11.98,76.1,30.4,33.8
PKG1072,15.21,88.3,45.3,58.8
PKG1073,1.43,41.1,28.5,22.5
PKG1074,22.53,60.9,42.6,41.3
PKG1075,2.82,41.9,36.5,22.9
PKG1076,2.77,27.6,30.2,28.2
PKG1077,4.52,46.1,27.5,27.9
PKG1078,2.95,40.2,26.0,17.2
PKG1079,14.96,43.8,79.4,47.4
PKG1080,12.38,91.7,43.1,49.9
PKG1081,23.67,93.5,44.9,30.2
PKG1082,4.48,44.1,38.0,31.1
PKG1083,16.67,88.1,60.0,48.1
PKG1084,23.24,80.8,66.1,47.9
PKG1085,0.15,29.9,13.9,11.3
PKG1086,4.69,34.7,20.7,29.2
PKG1087,18.76,74.3,39.5,50.4
PKG1088,10.9,53.3,56.7,52.5
PKG1089,0.27,28.1,20.1,12.6
PKG1090,24.77,90.7,72.0,55.7
PKG1091,3.35,29.5,22.0,17.6
PKG1092,0.18,15.2,22.1,16.4
PKG1093,2.9,29.6,33.6,21.7
PKG1094,4.64,27.2,27.1,29.9
PKG1095,0.37,16.1,21.8,10.0
PKG1096,0.32,15.2,14.4,17.8
PKG1097,0.52,19.4,23.0,13.8
PKG1098,0.16,28.9,11.1,18.3
PKG1099,22.32,70.0,73.4,38.4
PKG1100,0.41,16.0,10.8,17.8
PKG1101,1.71,28.4,24.0,23.2
PKG1102,0.4,21.4,23.6,11.9
PKG1103,3.4,32.9,34.3,30.6
PKG1104,2.69,37.2,32.6,18.5
PKG1105,22.12,78.1,30.2,34.6
PKG1106,2.47,44.0,23.4,30.3
PKG1107,14.66,69.4,68.2,28.1
PKG1108,0.15,22.3,19.5,11.1
PKG1109,13.62,97.9,49.2,26.3
PKG1110,0.24,14.0,15.6,5.2
PKG1111,0.38,16.4,22.5,7.9
PKG1112,16.45,80.6,61.3,33.7
PKG1113,3.74,42.3,26.9,17.6
PKG1114,4.41,34.6,31.8,18.3
PKG1115,0.68,26.5,14.5,9.4
PKG1116,0.26,24.6,18.9,10.1
PKG1117,2.0,47.2,39.9,21.9
PKG1118,18.64,94.1,48.0,31.6
PKG1119,15.98,96.9,75.9,39.1
PKG1120,0.48,14.6,20.9,7.0
PKG1121,2.71,43.4,31.8,18.4
PKG1122,0.41,17.3,19.8,5.6
PKG1123,0.51,27.5,13.8,13.0
PKG1124,0.53,11.0,24.9,14.9
PKG1125,3.04,41.3,20.4,28.8
PKG1126,0.57,18.3,15.7,13.2
PKG1127,12.94,68.5,37.7,49.3
PKG1128,2.62,40.8,26.0,28.2
PKG1129,3.71,41.6,25.4,27.1
PKG1130,11.06,48.2,71.5,28.7
PKG1131,1.6,43.0,22.4,17.3
PKG1132,0.74,12.1,13.0,8.0
PKG1133,2.09,31.6,30.5,19.0
PKG1134,0.56,24.1,14.4,5.6
PKG1135,0.24,19.9,13.1,19.0
PKG1136,2.22,33.3,20.1,28.4
PKG1137,10.69,94.4,71.8,48.4
PKG1138,1.18,28.7,21.8,25.2
PKG1139,0.26,24.5,11.5,8.8
PKG1140,16.36,53.9,79.4,35.4
PKG1141,0.24,19.3,11.5,7.6
PKG1142,4.32,26.0,25.8,31.0
PKG1143,4.62,32.8,34.8,16.9
PKG1144,3.43,44.0,20.9,32.0
PKG1145,0.31,23.3,12.6,10.4
PKG1146,2.35,35.9,32.4,32.6
PKG1147,0.24,11.9,22.2,7.7
PKG1148,1.56,35.0,39.2,20.4
PKG1149,0.65,17.7,22.8,17.0
PKG1150,0.28,23.0,22.0,6.7
PKG1151,0.39,23.9,10.9,19.1
PKG1152,0.66,13.2,16.2,13.9
PKG1153,3.84,45.1,33.6,18.6
PKG1154,0.6,17.6,15.4,5.4
PKG1155,1.66,42.1,36.8,34.5
PKG1156,2.29,28.3,38.4,17.3
PKG1157,0.17,18.2,10.7,8.9
PKG1158,0.4,16.3,20.6,15.2
PKG1159,3.5,44.2,31.5,26.3
PKG1160,13.79,98.7,63.5,36.8
PKG1161,0.59,20.5,20.5,6.4
PKG1162,17.78,79.7,42.4,37.1
PKG1163,8.41,80.6,49.2,54.4
PKG1164,0.34,21.2,24.8,5.8
PKG1165,0.58,22.9,12.4,17.7
PKG1166,0.56,27.0,23.0,6.1
PKG1167,0.63,19.8,13.6,19.6
PKG1168,0.23,11.0,13.3,14.6
PKG1169,1.31,35.1,24.7,24.2
PKG1170,0.12,26.0,16.7,17.8
PKG1171,3.16,36.2,22.4,24.9
PKG1172,2.24,41.3,22.1,23.2
PKG1173,0.67,21.1,10.0,6.4
PKG1174,0.75,22.1,19.3,9.6
PKG1175,19.73,70.5,40.3,48.5
PKG1176,2.93,48.8,27.3,16.1
PKG1177,0.21,14.5,16.8,13.4
PKG1178,0.14,22.4,17.1,14.9
PKG1179,13.27,83.0,35.7,51.6
PKG1180,1.29,30.5,26.8,31.6
PKG1181,2.63,49.1,25.8,25.4
PKG1182,1.46,42.6,20.9,18.3
PKG1183,0.74,12.8,20.8,15.8
PKG1184,4.38,27.7,32.2,18.8
PKG1185,24.24,95.8,49.6,41.0
PKG1186,0.27,25.6,20.8,6.6
PKG1187,2.22,35.4,38.5,31.7
PKG1188,6.48,75.3,68.6,40.8
PKG1189,3.38,41.5,39.1,17.7
PKG1190,22.46,69.9,56.5,26.7
PKG1191,2.8,48.4,36.8,24.7
PKG1192,0.57,20.2,23.8,7.7
PKG1193,3.29,39.5,34.6,17.6
PKG1194,17.92,63.2,60.0,55.9
PKG1195,15.51,70.2,49.2,59.3
PKG1196,1.73,47.9,35.2,20.5
PKG1197,4.32,49.1,39.4,24.1
PKG1198,2.33,28.3,28.3,29.0
PKG1199,0.54,25.0,14.5,15.5
PKG1200,2.67,46.5,34.2,33.7
PKG1201,2.77,40.8,24.0,27.5
PKG1202,6.24,57.4,47.3,48.5
PKG1203,3.99,49.5,33.0,34.2
PKG1204,3.63,37.6,33.9,21.4
PKG1205,0.64,12.3,15.3,12.2
PKG1206,1.24,39.3,33.3,23.3
PKG1207,2.98,43.7,36.8,20.7
PKG1208,21.92,90.8,70.4,43.3
PKG1209,0.18,10.5,12.2,15.1
PKG1210,2.24,30.0,35.0,18.2
PKG1211,10.35,57.2,42.5,54.4
PKG1212,3.87,42.3,25.9,30.1
PKG1213,17.85,41.9,70.7,28.6
PKG1214,4.05,46.7,34.8,32.3
PKG1215,0.6,24.8,18.4,8.6
PKG1216,8.85,87.1,69.9,35.1
PKG1217,23.98,79.9,76.3,38.6
PKG1218,2.9,48.9,39.5,21.3
PKG1219,1.6,38.8,20.3,20.0
PKG1220,0.67,22.4,21.7,18.1
PKG1221,0.31,26.6,23.7,15.6
PKG1222,21.09,78.9,67.8,44.1
PKG1223,0.71,22.1,21.6,19.5
PKG1224,0.72,15.9,12.7,15.2
PKG1225,3.03,29.7,23.5,25.3
PKG1226,20.91,62.6,51.4,44.5
PKG1227,19.55,47.8,59.2,33.9
PKG1228,19.17,59.8,65.5,30.4
PKG1229,2.83,28.8,26.5,16.0
PKG1230,7.76,95.9,60.8,48.2
PKG1231,3.09,37.3,31.5,22.2
PKG1232,0.24,25.7,14.8,8.3
PKG1233,0.72,13.7,11.0,12.6
PKG1234,4.98,35.4,30.7,16.8
PKG1235,4.16,30.5,24.3,21.6
PKG1236,3.66,34.0,24.4,30.1
PKG1237,21.37,71.8,79.8,53.8
PKG1238,0.63,29.6,10.1,15.0
PKG1239,4.69,36.1,38.1,27.3
PKG1240,4.46,40.5,39.2,28.7
PKG1241,3.4,33.0,38.3,33.9
PKG1242,0.45,17.7,18.1,9.2
PKG1243,2.81,47.8,36.4,22.5
PKG1244,17.3,88.2,52.3,26.5
PKG1245,12.05,93.9,39.6,43.0
PKG1246,0.3,29.0,12.5,19.3
PKG1247,1.96,38.4,20.1,16.3
PKG1248,2.29,41.8,35.5,32.3
PKG1249,2.58,35.6,22.1,25.8
PKG1250,21.02,82.2,78.8,52.1
PKG1251,0.72,22.9,24.1,16.2
PKG1252,9.37,49.2,53.0,36.6
PKG1253,3.3,27.2,21.1,30.9
PKG1254,9.97,73.5,58.7,33.0
PKG1255,9.84,55.5,49.4,47.1
PKG1256,0.59,18.7,10.3,15.1
PKG1257,24.88,72.1,62.1,46.6
PKG1258,2.14,43.9,31.7,29.0
PKG1259,2.8,26.8,38.6,17.1
PKG1260,0.19,25.7,14.5,6.3
PKG1261,12.37,85.9,51.9,38.8
PKG1262,3.26,41.5,29.5,25.7
PKG1263,9.04,48.2,49.5,52.9
PKG1264,3.3,38.6,39.2,17.9
PKG1265,3.63,41.9,38.3,30.9
PKG1266,0.24,24.6,15.6,19.2
PKG1267,14.55,73.2,57.8,29.3
PKG1268,4.88,25.1,31.9,25.7
PKG1269,21.33,96.8,45.2,51.2
PKG1270,6.2,94.2,47.2,39.4
PKG1271,2.47,41.1,30.3,18.2
PKG1272,2.02,30.5,36.7,18.9
PKG1273,0.22,13.6,22.0,17.8
PKG1274,2.51,46.3,38.6,34.9
PKG1275,1.11,36.5,31.0,20.8
PKG1276,4.15,26.7,22.0,29.5
PKG1277,11.0,69.2,46.5,29.5
PKG1278,3.12,41.4,22.0,27.4
PKG1279,23.73,94.0,45.9,40.8
PKG1280,1.72,40.4,26.1,26.7
PKG1281,5.45,73.9,48.2,36.1
PKG1282,0.15,18.6,10.1,8.7
PKG1283,9.15,53.3,67.0,40.3
PKG1284,0.25,26.8,12.0,16.0
PKG1285,0.11,27.6,16.9,10.4
PKG1286,0.58,16.1,18.3,7.6
PKG1287,0.54,22.1,22.6,17.9
PKG1288,18.81,48.4,56.9,34.2
PKG1289,16.01,93.2,33.8,27.6
PKG1290,6.05,41.1,55.4,26.1
PKG1291,24.28,74.9,50.3,45.7
PKG1292,3.43,47.7,31.0,25.9
PKG1293,15.15,99.9,53.6,52.1
PKG1294,1.49,34.1,24.5,30.4
PKG1295,24.6,84.0,44.5,41.3
PKG1296,1.09,37.8,27.9,25.0
PKG1297,14.58,79.8,72.4,53.2
PKG1298,1.63,40.4,23.3,25.3
PKG1299,20.28,66.8,39.0,58.2
PKG1300,0.4,23.2,24.5,16.0
PKG1301,0.49,19.7,15.4,8.3
PKG1302,2.96,37.2,21.3,22.4
PKG1303,5.53,42.6,40.3,56.8
PKG1304,7.36,61.7,53.5,40.9
PKG1305,12.06,42.8,79.0,36.3
PKG1306,1.99,42.6,30.4,31.6
PKG1307,4.61,45.9,25.3,25.9
PKG1308,15.18,50.4,62.7,37.8
PKG1309,19.41,79.2,71.8,43.1
PKG1310,0.16,17.5,23.6,12.7
PKG1311,0.22,17.1,23.0,12.3
PKG1312,4.21,37.1,32.1,25.0
PKG1313,0.25,12.8,12.5,6.2
PKG1314,8.37,78.6,40.6,31.5
PKG1315,0.73,17.2,20.8,6.8
PKG1316,2.32,30.8,36.2,29.4
PKG1317,3.68,37.0,29.6,19.2
PKG1318,2.48,29.0,36.7,15.4
PKG1319,11.38,42.6,58.7,30.6
PKG1320,14.41,77.8,32.0,45.0
PKG1321,4.34,26.4,25.2,18.6
PKG1322,2.52,49.0,32.0,26.3
PKG1323,0.51,10.4,20.8,14.9
PKG1324,4.04,32.1,21.7,24.0
PKG1325,14.95,99.6,73.4,31.0
PKG1326,2.13,45.8,32.0,30.9
PKG1327,1.44,45.5,23.6,28.2
PKG1328,0.28,15.3,20.9,10.1
PKG1329,23.41,67.2,59.5,33.0
PKG1330,0.34,17.7,11.6,8.0
PKG1331,0.5,27.2,17.6,11.3
PKG1332,4.05,28.7,21.9,24.5
PKG1333,0.45,22.3,10.6,16.8
PKG1334,0.48,20.1,11.8,12.2
PKG1335,3.11,28.3,32.1,31.6
PKG1336,17.92,93.8,68.7,47.7
PKG1337,6.11,71.3,48.5,26.5
PKG1338,1.67,38.2,24.6,31.0
PKG1339,2.29,44.7,27.6,26.8
PKG1340,0.24,24.8,21.4,15.5
PKG1341,0.17,12.0,12.0,12.2
PKG1342,2.37,30.8,37.2,20.7
PKG1343,3.56,46.9,28.2,18.8
PKG1344,1.37,42.7,35.8,26.6
PKG1345,4.77,27.9,20.1,28.1
PKG1346,2.0,42.2,26.3,22.2
PKG1347,23.78,49.3,62.6,33.9
PKG1348,5.0,46.4,28.5,22.3
PKG1349,2.85,31.9,33.6,30.1
PKG1350,24.57,64.8,69.2,41.9
PKG1351,22.9,62.2,57.7,33.9
PKG1352,3.21,32.7,26.9,29.1
PKG1353,2.45,43.4,37.1,28.2
PKG1354,2.81,43.7,28.9,29.0
PKG1355,3.18,29.0,24.3,23.0
PKG1356,0.49,16.8,18.3,15.5
PKG1357,17.1,82.4,38.0,58.8
PKG1358,17.75,40.3,34.6,30.1
PKG1359,0.69,28.5,16.5,6.0
PKG1360,16.48,53.3,34.0,26.3
PKG1361,2.26,34.6,39.7,27.3
PKG1362,0.3,20.4,20.7,14.0
PKG1363,19.87,96.7,71.0,47.4
PKG1364,0.35,18.8,13.0,14.9
PKG1365,1.29,45.1,25.7,15.7
PKG1366,0.67,22.0,17.7,8.5
PKG1367,0.56,13.4,10.5,8.6
PKG1368,0.51,10.0,12.4,20.0
PKG1369,0.62,25.6,15.3,10.9
PKG1370,0.12,21.7,17.8,16.1
PKG1371,8.89,44.1,34.5,35.0
PKG1372,2.84,45.7,38.3,22.0
PKG1373,12.33,97.8,43.8,46.2
PKG1374,3.64,29.9,38.6,26.5
PKG1375,0.62,15.2,16.1,6.6
PKG1376,15.29,44.3,44.7,58.1
PKG1377,0.35,26.1,24.4,18.1
PKG1378,15.75,88.8,58.7,49.3
PKG1379,3.71,49.2,31.3,30.4
PKG1380,20.62,85.4,78.1,41.1
PKG1381,1.86,36.5,31.7,15.5
PKG1382,0.3,12.3,11.0,14.5
PKG1383,0.31,29.9,20.2,8.4
PKG1384,3.33,32.9,39.1,25.3
PKG1385,4.48,25.2,36.6,20.0
PKG1386,0.37,11.9,20.1,17.3
PKG1387,4.85,26.9,38.6,24.5
PKG1388,1.32,33.8,37.9,20.4
PKG1389,4.11,48.7,33.7,33.2
PKG1390,4.79,37.5,24.0,29.7
PKG1391,0.71,27.5,13.1,8.0
PKG1392,23.32,55.0,60.9,30.5
PKG1393,0.27,12.1,23.8,15.1
PKG1394,2.92,41.6,32.3,30.3
PKG1395,0.18,20.8,10.6,12.2
PKG1396,0.24,22.4,17.4,19.8
PKG1397,16.41,93.8,73.4,42.2
PKG1398,11.64,99.1,75.8,34.8
PKG1399,1.65,30.6,31.5,16.1
PKG1400,13.33,88.0,53.9,43.9
PKG1401,0.17,20.0,15.9,15.3
PKG1402,0.18,13.5,24.6,15.5
PKG1403,0.51,19.2,20.3,5.2
PKG1404,7.2,52.6,59.1,36.4
PKG1405,0.59,22.3,13.9,13.2
PKG1406,12.74,54.2,53.6,46.5
PKG1407,2.76,34.1,30.0,19.2
PKG1408,12.27,82.0,48.6,54.9
PKG1409,0.64,15.6,12.7,7.0
PKG1410,2.63,39.4,24.6,17.0
PKG1411,24.66,56.2,41.8,40.1
PKG1412,24.09,62.9,37.3,58.6
PKG1413,17.8,49.0,70.3,31.2
PKG1414,0.55,20.0,24.9,17.7
PKG1415,1.7,37.9,34.4,30.7
PKG1416,4.31,32.5,31.2,26.4
PKG1417,3.14,35.0,33.8,16.2
PKG1418,3.0,45.3,29.5,27.6
PKG1419,0.1,19.0,15.0,10.4
PKG1420,0.26,21.2,24.0,8.9
PKG1421,22.22,41.2,36.1,55.4
PKG1422,1.14,49.1,24.0,26.5
PKG1423,0.52,23.0,12.6,16.7
PKG1424,0.72,17.1,20.1,12.3
PKG1425,3.97,43.4,37.8,22.6
PKG1426,0.34,15.7,19.5,7.2
PKG1427,4.0,29.2,36.2,21.7
PKG1428,0.62,22.6,18.6,17.7
PKG1429,1.59,26.8,23.2,19.6
PKG1430,9.81,59.0,44.6,34.4
PKG1431,2.24,41.1,25.4,23.9
PKG1432,5.11,91.8,48.2,45.5
PKG1433,18.24,97.9,50.7,31.4
PKG1434,2.19,25.6,34.6,28.2
PKG1435,2.75,48.5,34.0,16.6
PKG1436,2.14,29.2,22.1,16.3
PKG1437,16.96,92.7,57.4,25.9
PKG1438,3.81,34.9,35.3,16.7
PKG1439,5.33,55.7,37.8,47.9
PKG1440,3.3,47.1,26.2,19.9
PKG1441,2.68,32.1,32.5,17.6
PKG1442,1.32,46.0,20.6,28.3
PKG1443,3.05,46.5,26.5,24.5
PKG1444,0.26,29.5,18.1,9.1
PKG1445,0.2,18.9,24.5,15.5
PKG1446,20.08,50.6,59.9,47.1
PKG1447,0.55,22.7,18.5,12.9
PKG1448,0.46,22.8,14.6,10.2
PKG1449,13.9,72.4,70.2,40.5
PKG1450,12.32,61.9,43.0,35.6
PKG1451,3.98,25.0,36.3,32.0
PKG1452,23.68,60.6,53.5,25.3
PKG1453,18.92,95.3,77.3,41.7
PKG1454,4.53,25.2,28.6,20.9
PKG1455,2.09,30.8,20.1,22.5
PKG1456,0.17,18.2,18.4,10.9
PKG1457,4.58,29.1,34.7,22.8
PKG1458,1.52,34.5,25.3,23.4
PKG1459,0.62,14.8,21.5,18.6
PKG1460,2.08,45.2,33.7,20.7
PKG1461,4.38,43.6,36.2,23.3
PKG1462,4.79,46.3,23.6,20.8
PKG1463,0.13,22.7,19.3,9.1
PKG1464,0.59,22.5,12.8,5.3
PKG1465,0.62,11.0,18.0,7.8
PKG1466,10.75,46.1,43.5,50.0
PKG1467,7.43,83.6,41.6,30.3
PKG1468,3.25,37.3,26.8,21.2
PKG1469,11.65,88.0,79.9,41.2
PKG1470,18.07,87.5,46.5,54.5
PKG1471,0.36,29.0,10.8,16.6
PKG1472,1.9,26.8,29.4,18.8
PKG1473,3.99,46.0,36.3,31.6
PKG1474,18.29,47.3,68.4,33.7
PKG1475,2.3,44.3,28.9,29.8
PKG1476,1.39,25.8,29.2,30.4
PKG1477,4.25,38.0,39.6,24.5
PKG1478,1.46,42.0,26.2,21.5
PKG1479,13.93,77.7,32.1,57.8
PKG1480,23.82,71.3,42.7,47.3
PKG1481,8.08,51.9,74.4,55.2
PKG1482,0.52,14.4,11.7,14.5
PKG1483,16.55,59.5,38.4,34.7
PKG1484,2.17,28.0,35.8,15.2
PKG1485,7.49,42.5,69.2,41.6
PKG1486,24.13,75.8,48.6,28.1
PKG1487,2.85,28.9,21.8,27.4
PKG1488,0.15,28.6,25.0,14.4
PKG1489,0.54,11.2,19.7,15.5
PKG1490,19.08,87.5,36.3,33.1
PKG1491,2.24,49.5,35.8,30.1
PKG1492,0.69,26.1,16.6,7.9
PKG1493,16.36,81.4,47.9,29.7
PKG1494,12.5,93.9,54.3,40.3
PKG1495,1.62,32.4,33.9,18.8
PKG1496,0.46,13.7,15.2,16.0
PKG1497,24.49,56.5,71.6,57.0
PKG1498,14.98,73.3,33.4,30.4
PKG1499,1.95,32.4,25.3,22.3
PKG1500,0.6,10.0,19.6,10.7
PKG1501,5.88,51.1,30.9,55.0
PKG1502,1.46,44.4,24.8,29.4
PKG1503,5.85,79.5,56.9,38.6
PKG1504,0.5,20.5,17.5,13.3
PKG1505,4.72,40.3,26.5,27.8
PKG1506,19.54,46.6,56.2,27.3
PKG1507,0.1,26.7,11.9,18.1
PKG1508,4.05,30.1,29.7,17.0
PKG1509,4.62,39.3,36.7,28.2
PKG1510,0.32,20.5,20.5,8.8
PKG1511,12.88,62.0,60.3,27.5
PKG1512,0.54,28.6,13.1,12.4
PKG1513,3.2,47.2,21.6,31.0
PKG1514,2.96,26.5,31.2,33.8
PKG1515,14.14,65.0,48.5,49.8
PKG1516,15.89,89.4,43.3,26.4
PKG1517,1.9,26.8,26.1,33.9
PKG1518,13.32,97.6,34.9,50.4
PKG1519,3.0,38.3,23.8,25.5
PKG1520,2.59,31.2,32.5,18.6
PKG1521,4.75,43.7,28.3,17.1
PKG1522,10.71,78.3,47.9,41.1
PKG1523,9.69,79.9,74.1,30.8
PKG1524,0.56,13.6,16.0,10.1
PKG1525,2.91,29.0,40.0,23.9
PKG1526,18.61,61.1,45.8,59.7
PKG1527,0.43,16.5,15.6,16.5
PKG1528,1.51,35.8,34.5,27.2
PKG1529,15.11,73.8,40.7,51.8
PKG1530,0.59,28.5,13.8,19.4
PKG1531,16.08,66.8,49.9,50.4
PKG1532,1.6,49.6,31.9,25.4
PKG1533,1.3,49.8,26.0,21.0
PKG1534,15.75,53.3,72.8,25.8
PKG1535,0.28,26.4,20.3,9.1
PKG1536,1.95,38.8,31.1,33.5
PKG1537,2.64,28.9,20.8,22.1
PKG1538,17.2,48.3,48.4,45.4
PKG1539,2.8,30.8,36.2,16.8
PKG1540,2.18,35.0,38.4,29.7
PKG1541,3.48,43.1,35.9,18.5
PKG1542,10.95,89.5,64.5,45.2
PKG1543,2.76,47.7,31.9,21.0
PKG1544,3.64,43.3,31.5,16.6
PKG1545,2.82,26.4,35.4,22.0
PKG1546,18.53,89.0,50.8,55.4
PKG1547,0.18,27.4,13.4,14.8
PKG1548,0.46,22.0,10.2,16.7
PKG1549,19.42,62.9,45.2,26.4
PKG1550,4.65,38.5,23.0,25.0
PKG1551,0.39,14.4,10.8,16.0
PKG1552,21.09,63.6,52.3,45.8
PKG1553,4.26,37.6,24.4,20.8
PKG1554,7.02,63.7,36.6,27.9
PKG1555,1.26,39.3,21.0,23.0
PKG1556,19.54,45.1,55.1,52.1
PKG1557,0.52,12.6,12.0,13.4
PKG1558,0.64,19.8,19.8,7.9
PKG1559,2.33,40.4,34.7,19.9
PKG1560,24.78,44.3,68.8,36.3
PKG1561,1.4,48.1,21.8,28.4
PKG1562,0.41,18.5,15.2,9.8
PKG1563,3.78,39.8,20.5,21.1
PKG1564,0.63,29.8,19.2,19.9
PKG1565,3.56,36.1,22.9,15.9
PKG1566,0.12,26.4,13.0,10.6
PKG1567,0.64,25.2,22.8,6.7
PKG1568,20.82,43.3,77.4,57.4
PKG1569,2.82,46.7,36.4,15.3
PKG1570,21.14,81.6,35.6,40.8
PKG1571,0.58,10.5,13.1,13.1
PKG1572,0.55,14.1,17.8,8.9
PKG1573,0.42,19.7,20.9,7.1
PKG1574,20.61,81.9,30.9,45.4
PKG1575,22.9,79.8,32.2,31.0
PKG1576,20.88,57.0,69.5,46.6
PKG1577,0.28,11.1,19.8,5.1
PKG1578,18.45,63.3,43.6,54.8
PKG1579,1.55,41.5,37.3,15.4
PKG1580,6.13,92.0,62.5,33.1
PKG1581,3.89,34.5,39.5,17.0
PKG1582,11.13,58.9,73.3,43.6
PKG1583,0.61,13.7,17.5,11.9
PKG1584,2.1,48.2,20.4,19.9
PKG1585,21.54,71.8,46.7,38.8
PKG1586,0.28,13.1,15.2,10.3
PKG1587,0.32,22.5,13.5,19.7
PKG1588,3.21,37.5,36.2,27.5
PKG1589,4.06,47.0,37.8,31.3
PKG1590,4.09,25.7,31.1,20.6
PKG1591,3.62,28.8,37.9,28.1
PKG1592,0.37,11.8,15.7,19.4
PKG1593,3.27,40.3,32.5,19.5
PKG1594,4.8,31.0,23.1,34.4
PKG1595,0.16,28.2,14.9,13.1
PKG1596,0.71,14.1,12.1,13.1
PKG1597,0.61,26.0,22.9,9.6
PKG1598,2.64,42.6,30.5,17.7
PKG1599,1.17,49.9,39.5,17.9
PKG1600,2.6,48.3,38.3,21.3
PKG1601,15.08,73.4,77.4,29.1
PKG1602,3.88,32.9,37.6,29.5
PKG1603,1.04,44.1,37.6,23.3
PKG1604,0.37,18.2,16.6,19.0
PKG1605,0.38,27.9,24.0,9.1
PKG1606,0.29,25.6,11.6,7.8
PKG1607,0.74,25.2,19.2,9.0
PKG1608,0.17,21.3,13.5,8.5
PKG1609,13.05,81.2,48.0,49.1
PKG1610,1.36,36.9,30.0,27.1
PKG1611,2.99,42.8,27.5,32.0
PKG1612,6.24,69.5,36.9,31.8
PKG1613,0.24,10.6,21.5,5.2
PKG1614,0.26,15.4,16.2,16.1
PKG1615,0.2,29.8,21.4,6.0
PKG1616,2.39,48.2,39.7,32.3
PKG1617,2.88,37.2,26.5,24.2
PKG1618,4.74,31.2,28.1,15.8
PKG1619,22.65,84.1,49.0,36.0
PKG1620,6.46,76.7,67.1,45.8
PKG1621,8.19,71.5,73.8,52.5
PKG1622,21.85,71.2,52.6,53.9
PKG1623,10.07,42.5,79.8,43.2
PKG1624,24.51,63.7,66.8,44.5
PKG1625,0.67,20.3,19.5,5.7
PKG1626,0.56,15.8,16.0,9.6
PKG1627,0.24,26.6,16.9,11.3
PKG1628,0.75,22.3,10.8,12.8
PKG1629,12.14,48.5,71.5,40.8
PKG1630,0.12,24.5,11.7,16.7
PKG1631,14.36,96.3,64.8,29.7
PKG1632,3.02,35.3,29.0,18.6
PKG1633,23.21,75.4,65.6,32.1
PKG1634,0.22,19.1,13.8,15.4
PKG1635,2.85,47.7,35.9,29.4
PKG1636,4.27,28.1,22.3,24.0
PKG1637,1.35,34.1,30.5,22.7
PKG1638,6.58,87.5,55.6,58.2
PKG1639,0.57,17.6,15.7,16.5
PKG1640,4.6,47.8,31.3,28.2
PKG1641,1.49,28.8,37.4,18.6
PKG1642,2.36,42.8,28.4,21.2
PKG1643,1.16,44.2,28.9,27.5
PKG1644,0.55,12.4,12.0,8.0
PKG1645,8.5,77.4,42.7,41.1
PKG1646,3.51,46.4,30.9,15.1
PKG1647,17.1,93.0,41.9,45.6
PKG1648,0.33,19.5,16.2,6.2
PKG1649,2.51,40.0,24.9,25.9
PKG1650,0.74,22.4,18.4,17.4
PKG1651,3.09,26.2,23.0,28.1
PKG1652,8.06,42.2,72.7,48.3
PKG1653,19.72,90.3,44.9,57.2
PKG1654,1.79,26.2,28.3,18.6
PKG1655,3.61,41.8,32.2,28.8
PKG1656,11.89,75.7,69.4,31.2
PKG1657,2.1,36.4,31.6,33.6
PKG1658,4.73,27.3,26.0,22.4
PKG1659,0.25,17.6,11.0,11.4
PKG1660,0.69,21.0,14.4,7.0
PKG1661,2.54,42.4,25.5,25.5
PKG1662,0.73,20.5,20.4,14.2
PKG1663,0.72,12.2,20.9,14.4
PKG1664,2.15,49.7,29.7,28.8
PKG1665,10.24,96.0,79.3,35.1
PKG1666,4.6,40.2,26.3,25.5
PKG1667,0.15,29.9,15.3,6.9
PKG1668,15.41,73.8,56.0,47.1
PKG1669,7.87,69.6,39.0,46.3
PKG1670,10.79,82.5,79.0,25.1
PKG1671,23.16,41.4,61.3,29.1
PKG1672,22.64,90.9,70.0,60.0
PKG1673,19.24,64.8,46.7,44.6
PKG1674,4.92,40.9,20.2,19.0
PKG1675,1.84,32.0,35.8,21.2
PKG1676,4.87,37.7,26.5,15.1
PKG1677,21.6,81.2,47.1,50.4
PKG1678,2.66,40.4,20.6,18.5
PKG1679,24.81,59.8,46.9,48.5
PKG1680,0.38,28.3,22.0,14.7
PKG1681,11.66,68.9,61.4,56.2
PKG1682,0.61,20.7,15.0,16.8
PKG1683,0.48,18.3,21.1,17.5
PKG1684,0.48,16.0,20.9,9.7
PKG1685,1.93,38.4,24.2,28.7
PKG1686,20.29,88.0,74.4,37.4
PKG1687,8.82,98.2,44.0,26.1
PKG1688,15.09,99.0,61.3,54.5
PKG1689,21.91,74.3,49.5,45.8
PKG1690,18.07,91.9,67.6,49.7
PKG1691,3.36,32.9,20.6,23.3
PKG1692,0.42,19.9,13.6,11.8
PKG1693,12.59,97.0,40.8,35.6
PKG1694,4.47,27.8,35.7,30.6
PKG1695,17.87,94.8,52.2,25.9
PKG1696,0.12,19.7,17.5,7.9
PKG1697,4.94,48.1,34.6,25.5
PKG1698,3.65,44.4,22.9,32.4
PKG1699,3.63,45.6,38.8,28.5
PKG1700,0.28,12.7,20.9,11.9
PKG1701,5.95,82.8,56.1,25.1
PKG1702,20.42,95.9,64.4,45.8
PKG1703,0.35,11.7,17.0,5.7
PKG1704,0.49,20.4,19.9,9.7
PKG1705,4.64,39.4,26.2,32.8
PKG1706,2.72,33.0,23.9,20.5
PKG1707,6.71,59.1,52.1,29.1
PKG1708,0.21,13.0,14.1,5.2
PKG1709,0.36,22.5,17.7,8.1
PKG1710,0.43,17.0,14.8,7.1
PKG1711,1.91,42.6,25.7,19.9
PKG1712,0.66,11.4,19.2,10.1
PKG1713,4.02,36.1,22.6,24.4
PKG1714,1.83,41.9,22.1,16.1
PKG1715,16.27,65.6,38.9,45.9
PKG1716,4.34,39.8,36.7,29.0
PKG1717,2.38,40.4,26.2,31.3
PKG1718,2.31,42.8,33.4,25.7
PKG1719,0.19,29.5,21.3,12.0
PKG1720,0.74,12.6,22.2,18.8
PKG1721,21.27,68.1,52.8,49.0
PKG1722,0.1,24.2,17.0,8.5
PKG1723,3.74,30.6,37.2,27.3
PKG1724,0.69,28.3,15.9,15.5
PKG1725,2.21,41.6,35.8,32.6
PKG1726,2.24,36.3,20.6,24.5
PKG1727,14.25,61.1,53.1,31.0
PKG1728,4.97,44.2,32.1,17.5
PKG1729,4.5,27.6,36.4,30.9
PKG1730,0.28,16.5,19.7,16.9
PKG1731,0.65,20.7,16.0,11.2
PKG1732,20.81,77.3,57.4,59.1
PKG1733,4.24,34.6,26.8,31.3
PKG1734,3.99,39.8,35.7,23.7
PKG1735,0.15,25.7,18.2,8.5
PKG1736,5.91,79.8,33.9,57.6
PKG1737,11.02,74.5,54.3,45.7
PKG1738,15.64,67.8,57.8,53.8
PKG1739,0.28,13.5,24.3,6.0
PKG1740,24.62,46.5,70.7,52.0
PKG1741,0.4,17.6,17.4,14.9
PKG1742,2.09,27.3,36.3,32.7
PKG1743,4.3,47.6,32.7,15.0
PKG1744,2.76,28.7,23.0,25.6
PKG1745,13.85,63.4,58.9,31.8
PKG1746,6.38,80.9,45.8,45.0
PKG1747,9.38,94.8,45.2,58.0
PKG1748,15.7,66.1,79.1,37.0
PKG1749,0.36,11.8,10.1,19.8
PKG1750,5.0,35.1,22.6,20.9
PKG1751,21.94,62.2,57.4,26.9
PKG1752,0.26,24.1,22.3,10.4
PKG1753,3.88,46.5,37.3,19.7
PKG1754,2.75,42.6,27.9,21.4
PKG1755,0.46,17.7,15.7,13.2
PKG1756,9.45,79.7,53.7,31.6
PKG1757,0.2,17.7,23.9,17.6
PKG1758,13.14,49.3,79.9,48.5
PKG1759,0.13,12.7,11.1,5.2
PKG1760,0.29,24.4,17.3,11.6
PKG1761,0.56,29.8,11.3,14.6
PKG1762,11.25,65.0,52.8,52.6
PKG1763,2.02,40.1,28.5,18.6
PKG1764,23.62,70.6,57.6,40.8
PKG1765,5.32,61.3,39.3,46.2
PKG1766,22.65,74.7,72.3,33.3
PKG1767,1.58,37.5,28.2,25.9
PKG1768,0.46,17.3,24.7,13.5
PKG1769,0.5,24.1,11.7,12.2
PKG1770,3.23,42.3,22.8,29.6
PKG1771,0.43,29.7,24.8,16.7
PKG1772,10.22,67.9,33.9,56.1
PKG1773,2.66,27.2,29.4,29.8
PKG1774,0.35,29.2,11.2,14.5
PKG1775,0.72,26.0,14.7,5.8
PKG1776,3.6,33.6,35.6,24.4
PKG1777,1.72,37.8,29.4,29.7
PKG1778,1.61,35.5,39.2,31.0
PKG1779,9.35,57.4,31.8,57.3
PKG1780,0.45,25.0,20.9,13.5
PKG1781,4.42,26.5,29.5,18.4
PKG1782,2.53,26.3,39.8,31.2
PKG1783,1.62,40.6,25.7,16.7
PKG1784,1.41,37.6,37.0,20.6
PKG1785,2.09,28.3,25.6,32.2
PKG1786,3.58,25.4,22.2,18.5
PKG1787,3.86,39.8,23.0,23.9
PKG1788,0.44,26.2,13.9,15.5
PKG1789,3.2,37.1,36.0,32.2
PKG1790,1.53,33.6,21.7,17.9
PKG1791,4.16,48.3,23.1,24.9
PKG1792,0.43,29.9,21.6,8.6
PKG1793,0.63,18.8,19.6,8.2
PKG1794,0.66,24.7,15.2,14.6
PKG1795,14.15,85.3,35.8,30.9
PKG1796,0.18,18.0,14.5,16.2
PKG1797,0.23,25.0,18.0,10.7
PKG1798,2.4,42.6,29.5,17.9
PKG1799,20.52,92.2,30.6,57.5
PKG1800,0.23,19.0,20.2,19.4
PKG1801,4.41,42.1,20.8,33.4
PKG1802,0.23,22.7,24.3,11.5
PKG1803,19.38,95.1,72.9,36.7
PKG1804,0.66,15.3,11.5,14.8
PKG1805,2.75,34.8,35.5,30.0
PKG1806,13.01,84.1,59.4,31.8
PKG1807,0.38,16.7,20.4,7.7
PKG1808,6.28,72.9,63.6,54.1
PKG1809,20.94,40.7,34.9,28.6
PKG1810,0.27,18.9,13.3,9.2
PKG1811,1.4,29.8,20.5,16.8
PKG1812,0.6,28.8,19.8,17.5
PKG1813,8.52,97.0,61.9,49.8
PKG1814,3.31,28.0,37.1,17.6
PKG1815,18.47,79.4,75.0,44.8
PKG1816,24.94,98.0,74.8,49.3
PKG1817,4.23,31.3,29.3,33.7
PKG1818,21.02,78.3,76.1,34.7
PKG1819,0.65,18.5,23.6,16.5
PKG1820,0.73,16.5,12.4,6.1
PKG1821,4.85,44.4,27.7,21.7
PKG1822,9.08,43.6,77.8,34.3
PKG1823,18.59,66.4,54.6,57.5
PKG1824,0.31,22.2,12.7,12.4
PKG1825,3.99,28.6,35.4,19.4
PKG1826,2.43,41.1,38.3,29.3
PKG1827,12.44,46.2,33.6,45.0
PKG1828,1.91,31.3,28.9,32.9
PKG1829,11.42,48.9,62.0,57.7
PKG1830,1.4,41.6,25.3,29.0
PKG1831,10.59,94.3,58.7,43.0
PKG1832,11.19,96.4,54.5,40.3
PKG1833,0.23,26.9,21.7,16.8
PKG1834,2.82,38.5,20.1,34.1
PKG1835,13.4,89.1,54.1,44.9
PKG1836,3.14,48.4,27.2,28.6
PKG1837,4.32,35.0,32.6,34.2
PKG1838,4.48,27.3,30.7,34.2
PKG1839,0.47,11.6,16.9,16.5
PKG1840,19.79,78.9,38.8,26.4
PKG1841,2.58,34.6,23.8,28.9
PKG1842,4.65,47.4,32.6,22.2
PKG1843,0.45,11.7,19.5,16.0
PKG1844,3.44,28.5,23.9,29.4
PKG1845,0.24,21.9,17.3,5.9
PKG1846,0.26,20.8,14.6,13.0
PKG1847,0.55,26.7,16.7,19.9
PKG1848,4.99,25.9,21.1,30.8
PKG1849,15.39,42.6,35.9,53.2
PKG1850,4.68,41.7,29.2,28.6
PKG1851,3.47,46.9,23.0,26.6
PKG1852,1.02,48.1,20.7,17.8
PKG1853,0.55,23.1,17.1,18.8
PKG1854,0.73,10.9,20.5,7.0
PKG1855,0.15,13.4,10.7,9.6
PKG1856,9.95,87.6,52.8,31.0
PKG1857,0.27,21.8,22.3,6.6
PKG1858,10.78,69.8,70.0,32.7
PKG1859,3.7,45.1,28.5,31.2
PKG1860,0.37,29.6,20.2,9.9
PKG1861,2.27,49.4,31.5,17.7
PKG1862,4.9,45.9,35.9,30.3
PKG1863,11.89,75.6,46.8,29.2
PKG1864,13.18,48.5,50.8,49.4
PKG1865,2.6,38.8,28.8,33.5
PKG1866,19.51,42.4,35.0,54.7
PKG1867,9.11,76.7,68.9,25.5
PKG1868,3.34,37.2,20.1,18.6
PKG1869,21.45,45.3,62.6,56.0
PKG1870,12.68,65.0,70.4,52.0
PKG1871,0.7,23.8,13.1,14.6
PKG1872,15.05,71.4,50.6,57.8
PKG1873,1.27,40.3,20.8,18.6
PKG1874,5.1,70.0,77.5,47.0
PKG1875,4.13,44.6,27.0,15.1
PKG1876,2.97,30.9,22.4,25.6
PKG1877,0.6,11.9,15.4,16.4
PKG1878,3.1,38.5,24.4,30.4
PKG1879,3.54,41.5,25.5,18.9
PKG1880,4.33,44.9,33.7,34.4
PKG1881,4.33,36.9,23.5,28.4
PKG1882,2.46,26.1,32.9,20.7
PKG1883,1.47,35.9,26.7,31.1
PKG1884,0.58,25.2,10.6,16.1
PKG1885,11.92,95.5,38.8,52.5
PKG1886,1.21,37.1,22.3,32.9
PKG1887,3.81,43.0,31.9,21.5
PKG1888,0.24,14.0,20.2,9.9
PKG1889,5.23,86.7,46.3,28.4
PKG1890,1.75,43.4,37.4,22.5
PKG1891,0.65,14.4,17.1,12.3
PKG1892,20.58,93.4,37.2,57.5
PKG1893,2.77,36.4,27.7,17.7
PKG1894,12.81,83.2,61.6,59.1
PKG1895,0.36,14.0,11.9,15.4
PKG1896,11.04,43.6,36.8,54.8
PKG1897,1.39,36.5,23.4,21.9
PKG1898,15.84,93.2,60.2,52.6
PKG1899,24.93,78.3,60.6,30.9
PKG1900,0.37,29.4,22.8,6.3
PKG1901,12.96,91.4,54.5,59.8
PKG1902,0.54,21.8,22.6,9.2
PKG1903,0.72,24.6,21.0,8.7
PKG1904,0.57,16.5,18.7,18.4
PKG1905,15.31,75.5,37.4,45.1
PKG1906,0.26,10.1,24.7,5.6
PKG1907,1.63,36.8,35.4,15.7
PKG1908,8.51,71.9,54.0,52.9
PKG1909,24.6,89.3,52.6,33.4
PKG1910,0.1,21.2,10.2,16.0
PKG1911,4.55,48.7,22.7,20.9
PKG1912,0.68,23.0,11.4,12.2
PKG1913,2.48,32.6,34.1,32.2
PKG1914,15.04,84.8,31.2,40.9
PKG1915,19.92,86.3,73.7,39.2
PKG1916,3.1,44.7,27.4,24.3
PKG1917,21.07,78.0,73.0,27.5
PKG1918,22.31,93.6,46.6,26.1
PKG1919,0.29,18.5,14.0,19.2
PKG1920,0.3,20.8,21.9,16.8
PKG1921,10.13,44.9,74.0,50.8
PKG1922,0.46,11.1,24.2,15.1
PKG1923,3.51,47.2,22.2,22.3
PKG1924,2.21,40.5,27.3,18.5
PKG1925,5.56,73.5,33.4,49.8
PKG1926,1.63,30.1,39.6,19.8
PKG1927,0.15,12.3,17.2,19.1
PKG1928,0.52,21.6,24.4,8.1
PKG1929,0.69,24.9,13.4,10.3
PKG1930,14.47,56.0,64.0,34.7
PKG1931,18.22,43.8,47.3,42.0
PKG1932,4.25,38.2,22.5,29.2
PKG1933,0.39,23.6,18.0,9.4
PKG1934,2.45,40.5,36.0,33.9
PKG1935,18.61,88.5,77.0,27.3
PKG1936,4.35,47.3,29.2,16.6
PKG1937,17.29,93.9,44.4,58.5
PKG1938,0.51,12.2,14.1,15.5
PKG1939,4.07,37.4,37.5,25.4
PKG1940,3.96,40.7,25.9,34.4
PKG1941,0.26,20.8,12.0,10.2
PKG1942,0.52,18.9,19.7,9.4
PKG1943,0.21,11.3,23.1,8.5
PKG1944,4.16,48.7,32.9,23.2
PKG1945,0.19,16.9,19.7,9.9
PKG1946,1.38,39.8,33.9,31.8
PKG1947,1.86,36.1,26.1,17.6
PKG1948,3.52,44.7,23.4,20.2
PKG1949,4.44,37.1,39.4,30.4
PKG1950,3.47,26.2,27.1,24.1
PKG1951,0.5,13.3,23.9,15.7
PKG1952,19.46,57.1,78.7,54.4
PKG1953,4.87,42.3,33.3,18.1
PKG1954,16.55,54.3,32.1,36.1
PKG1955,0.46,12.5,13.9,7.8
PKG1956,10.87,73.7,31.7,36.1
PKG1957,11.85,60.6,48.6,43.9
PKG1958,19.63,49.8,45.1,57.2
PKG1959,0.29,18.1,17.5,7.2
PKG1960,11.27,67.5,46.0,25.2
PKG1961,0.12,24.8,24.6,10.0
PKG1962,4.66,42.6,29.5,20.8
PKG1963,1.49,48.6,39.6,26.5
PKG1964,22.83,48.8,58.3,56.7
PKG1965,0.53,18.8,20.3,16.0
PKG1966,3.44,47.5,22.8,26.0
PKG1967,0.45,16.2,16.0,17.6
PKG1968,0.18,18.9,11.4,5.8
PKG1969,3.62,41.0,31.7,19.4
PKG1970,1.27,48.4,25.6,15.5
PKG1971,17.71,72.3,52.3,48.5
PKG1972,4.76,27.2,30.2,18.9
PKG1973,3.81,32.9,32.1,33.9
PKG1974,5.91,94.5,48.1,30.2
PKG1975,4.33,46.3,27.4,22.5
PKG1976,1.21,32.1,27.0,34.6
PKG1977,4.38,46.9,21.8,29.6
PKG1978,12.92,66.7,79.6,53.1
PKG1979,2.23,32.2,36.1,34.4
PKG1980,0.75,18.5,23.4,7.1
PKG1981,1.97,39.7,21.7,19.2
PKG1982,3.53,36.9,37.4,34.7
PKG1983,4.48,26.7,39.2,30.1
PKG1984,13.97,45.3,50.5,57.0
PKG1985,3.71,35.4,31.1,29.2
PKG1986,0.17,25.1,12.1,7.8
PKG1987,11.47,62.9,57.7,26.5
PKG1988,5.7,89.6,71.7,35.6
PKG1989,17.76,73.6,53.2,25.9
PKG1990,3.04,25.1,25.3,34.1
PKG1991,20.32,90.1,53.6,47.9
PKG1992,3.98,47.3,28.3,24.8
PKG1993,0.1,23.8,13.7,6.8
PKG1994,0.32,15.5,24.9,6.0
PKG1995,0.38,24.9,18.7,13.5
PKG1996,2.52,46.7,32.6,24.5
PKG1997,0.41,23.9,11.8,12.7
PKG1998,3.19,39.4,36.9,18.3
PKG1999,4.87,26.5,26.4,32.6
PKG2000,0.27,12.7,12.4,9.1
